"dataset_id","common_name","scientific_name","device","dataset_name","order","family","site_name","site_country","colony_name","lat_colony","lon_colony","ages","breed_stages","breed_statuses","sexes","years","min_year","max_year","owner_names","ntracks","nbirds","npoints"
"2483","Northern Royal Albatross","Diomedea sanfordi","GLS","Northern Royal Albatross Juvenile GLS","Procellariiformes","Diomedeidae","New Zealand","New Zealand","Taiaroa Head","-45.76","170.71","Juvenile","Non-breeding","","Female","2024, 2025","2024","2025","ConservationServicesProgramme","1","1","438"
"2477","Southern Royal Albatross","Diomedea epomophora","PTT","Southern Royal Albatross Campbell 2023/2024 PTT","Procellariiformes","Diomedeidae","Campbell Islands","New Zealand","Campbell Island","-52.55","169.15","Unknown","Breeding","","Female, Male","2023, 2024","2023","2024","ConservationServicesProgramme","35","35","18227"
"2475","Wandering Albatross","Diomedea exulans","GPS","wandering albatross bird island postguard","Procellariiformes","Diomedeidae","South Georgia (Islas Georgias del Sur)","South Georgia and the South Sandwich Islands","Bird Island (SGSSI (IGSISS))","-54","-38.03","Adult","Post-guard","","Unknown","2022","2022","2022","RichardPhillips","35","30","5713"
"2474","Wandering Albatross","Diomedea exulans","GPS","wandering albatross bird island","Procellariiformes","Diomedeidae","South Georgia (Islas Georgias del Sur)","South Georgia and the South Sandwich Islands","Bird Island (SGSSI (IGSISS))","-54","-38.03","Adult","Incubation, Brood-guard","","Unknown","2022","2022","2022","RichardPhillips, LesleyThorne","56","55","9499"
"2473","Wandering Albatross","Diomedea exulans","PTT","Wandering albatross_Prion Island","Procellariiformes","Diomedeidae","South Georgia (Islas Georgias del Sur)","South Georgia and the South Sandwich Islands","Prion Island","-54.01","-37.25","Adult","Incubation, Brood-guard, Post-guard","","Unknown","2022","2022","2022","VictoriaWarwick-Evans, RichardPhillips","133","10","29154"
"2464","Southern Royal Albatross","Diomedea epomophora","GPS","Southern Royal Albatross Campbell 2025 GPS","Procellariiformes","Diomedeidae","Campbell Islands","New Zealand","Campbell Island","-52.55","169.15","Adult","Non-breeding","","Female, Male","2025","2025","2025","ConservationServicesProgramme","15","15","181146"
"2462","Light-mantled Albatross","Phoebetria palpebrata","PTT","Light-mantled Sooty Albatross Campbell 2023/2024 PTT","Procellariiformes","Diomedeidae","Campbell Islands","New Zealand","Campbell Island","-52.55","169.15","Adult","Breeding","","Female, Male, Unknown","2023, 2024, 2025","2023","2025","ConservationServicesProgramme","10","10","16315"
"2461","Light-mantled Albatross","Phoebetria palpebrata","GPS","Light-mantled sooty albatross 2024/2025 GPSPTT","Procellariiformes","Diomedeidae","Auckland Islands","New Zealand","Adams Island","-50.88","166.05","Adult","Breeding","","Female, Male","2025","2025","2025","ConservationServicesProgramme","2","2","7531"
"2460","Buller's Albatross","Thalassarche bulleri","GPS","Southern Bullers Albatross","Procellariiformes","Diomedeidae","The Snares","New Zealand","North-East Island","-48.01","166.6","Adult","Breeding, Unknown","","Female, Male, Unknown","2025","2025","2025","ConservationServicesProgramme","30","30","337660"
"2459","Laysan Albatross","Phoebastria immutabilis","GPS","GECI. Laysan albatross breeding on Guadalupe Island, 2014–2018","Procellariiformes","Diomedeidae","Guadalupe","Mexico","Guadalupe","28.91","-118.29","Adult","Incubation, Brood-guard, Chick-rearing, Fail (breeding season)","","Female, Male, Unknown","2014, 2015, 2016, 2017, 2018","2014","2018","IslasGECI, JulioCésarHernándezMontoya, YulianaRocíoBedollaGuzmán","244","42","102276"
"2458","Buller's Albatross","Thalassarche bulleri","GPS","Southern Buller's Albatross IgotU deployments 2024","Procellariiformes","Diomedeidae","The Snares","New Zealand","North-East Island","-48.01","166.6","Adult","Brood-guard, Chick-rearing","","Female, Male, Unknown","2024","2024","2024","ConservationServicesProgramme","14","14","37443"
"2456","Antipodean Albatross","Diomedea antipodensis","GPS","Gibson's Albatross IgotU deployments 2024/25","Procellariiformes","Diomedeidae","Auckland Islands","New Zealand","Adams Island","-50.88","166.05","Adult","Incubation","","Female, Male","2025","2025","2025","ConservationServicesProgramme","5","5","14144"
"2455","Southern Royal Albatross","Diomedea epomophora","GPS","Southern Royal Albatross IgotU deployments 2024/25","Procellariiformes","Diomedeidae","Campbell Islands","New Zealand","Campbell Island","-52.55","169.15","Adult","Incubation","","Female, Male","2025","2025","2025","ConservationServicesProgramme","13","13","32861"
"2431","Black-browed Albatross","Thalassarche melanophris","GPS","GPS Black-browed albatross Steeple Jason 2012","Procellariiformes","Diomedeidae","Falkland Islands (Islas Malvinas)","Falkland Islands (Malvinas)","Steeple Jason","-51.03","-61.22","Adult","Incubation","","Unknown","2012","2012","2012","jpgranadeiro@fc.ul.pt, paulo.catry@gmail.com","37","37","13316"
"2412","Black-browed Albatross","Thalassarche melanophris","GPS","black_browed_albatross-Guilford-Falklands-gps_immersion-3","Procellariiformes","Diomedeidae","Falkland Islands (Islas Malvinas)","Falkland Islands (Malvinas)","New Island","-51.71","-61.3","Adult","Incubation, Brood-guard","","Unknown","2017","2017","2017","JonathanRutter, TimGuilford","21","21","520475"
"2411","Black-browed Albatross","Thalassarche melanophris","GPS","black_browed_albatross-Guilford-Falklands-gps_immersion-2","Procellariiformes","Diomedeidae","Falkland Islands (Islas Malvinas)","Falkland Islands (Malvinas)","New Island","-51.71","-61.3","Adult","Incubation, Brood-guard","","Unknown","2017","2017","2017","JonathanRutter, TimGuilford","16","16","554867"
"2410","Black-browed Albatross","Thalassarche melanophris","GPS","black_browed_albatross-Guilford-Falklands-gps_immersion-1","Procellariiformes","Diomedeidae","Falkland Islands (Islas Malvinas)","Falkland Islands (Malvinas)","New Island","-51.71","-61.3","Adult, Unknown","Brood-guard, Unknown","","Unknown","","","","JonathanRutter, TimGuilford","19","19","426935"
"2394","Light-mantled Albatross","Phoebetria palpebrata","GLS","Light-mantled albatross GLS 2003-2005","Procellariiformes","Diomedeidae","South Georgia (Islas Georgias del Sur)","South Georgia and the South Sandwich Islands","Bird Island (SGSSI (IGSISS))","-54","-38.03","Adult","Non-breeding","","Unknown","2004, 2005","2004","2005","RichardPhillips, ThomasClay","36","25","11588"
"2334","Black-browed Albatross","Thalassarche melanophris","GPS","BBA_GrandJason_FalklandIslands","Procellariiformes","Diomedeidae","Falkland Islands (Islas Malvinas)","Falkland Islands (Malvinas)","Grand Jason","-51.05","-61.08","Adult","Chick-rearing","","Unknown","2020","2020","2020","AlastairBaylis, RachaelOrben","27","27","33425"
"2323","Black-browed Albatross","Thalassarche melanophris","GPS","Black-browed Albatross Isla Gonzalo GPS 2010","Procellariiformes","Diomedeidae","Islas Diego Ramirez","Chile","Isla Gonzalo","-56.51","-68.68","Adult","Brood-guard","","Unknown","2010","2010","2010","CristianSuazo","3","3","1887"
"2322","Black-browed Albatross","Thalassarche melanophris","GPS","Black-browed Albatross Isla Bartolome GPS 2011","Procellariiformes","Diomedeidae","Islas Diego Ramirez","Chile","Isla Bartolome","-56.51","-68.73","Adult","Brood-guard","","Unknown","2011","2011","2011","CristianSuazo","28","28","7472"
"2307","Antipodean Albatross","Diomedea antipodensis","PTT","Gibson's Albatross juveniles from Adams Island","Procellariiformes","Diomedeidae","Auckland Islands","New Zealand","Adams Island","-50.88","166.05","Juvenile","Non-breeding, Unknown","","Female, Male, Unknown","2022, 2023, 2024","2022","2024","ConservationServicesProgramme","29","29","20052"
"2306","Antipodean Albatross","Diomedea antipodensis","PTT","Gibson's Albatross adults from Adams Island","Procellariiformes","Diomedeidae","Auckland Islands","New Zealand","Adams Island","-50.88","166.05","Adult","Breeding, Unknown","","Female, Male, Unknown","2019, 2022, 2024","2019","2024","ConservationServicesProgramme","64","64","33866"
"2276","Black-browed Albatross","Thalassarche melanophris","GPS","Black-browed albatross, Islote Albatros, Chile, brooding, DEC-2012","Procellariiformes","Diomedeidae","Islote Albatros","Chile","Islote Albatros","-54.45","-69.01","Adult","Brood-guard","","Unknown","2012","2012","2012","jarata","8","8","970"
"2275","Black-browed Albatross","Thalassarche melanophris","GPS","Black-browed albatross, Islote albatross, Chile, brooding, JAN 2012","Procellariiformes","Diomedeidae","Islote Albatros","Chile","Islote Albatros","-54.45","-69.01","Adult","Brood-guard","","Unknown","2012","2012","2012","jarata","13","7","630"
"2272","Wandering Albatross","Diomedea exulans","GPS","Wandering albatross 2022","Procellariiformes","Diomedeidae","South Georgia (Islas Georgias del Sur)","South Georgia and the South Sandwich Islands","Bird Island (SGSSI (IGSISS))","-54","-38.03","Adult","Incubation, Brood-guard","","Female, Male","2022","2022","2022","LesleyThorne, RichardPhillips","59","50","180276"
"2269","Buller's Albatross","Thalassarche bulleri","GPS","Southern Buller's Albatross Snares 2024","Procellariiformes","Diomedeidae","The Snares","New Zealand","Snares Islands","-48.02","166.6","Adult","Breeding","","Female, Male","2024","2024","2024","ConservationServicesProgramme","8","8","50681"
"2267","Buller's Albatross","Thalassarche bulleri","PTT","Southern Buller's Albatross - Solander","Procellariiformes","Diomedeidae","Solander Islands","New Zealand","Great Solander Island","-46.58","166.9","Adult","Breeding","","Female, Male, Unknown","2024","2024","2024","ConservationServicesProgramme","20","20","11897"
"2266","Southern Royal Albatross","Diomedea epomophora","GLS","Southern Royal Albatross","Procellariiformes","Diomedeidae","Campbell Islands","New Zealand","Campbell Island","-52.55","169.15","Adult","Breeding","","Female, Unknown","2012, 2013, 2015, 2016, 2017","2012","2017","ConservationServicesProgramme","14","12","6350"
"2259","Laysan Albatross","Phoebastria immutabilis","GPS","Laysan Albatros Mexico","Procellariiformes","Diomedeidae","Isla Guadalupe","Mexico","Isla Guadalupe","29.03","-118.28","Adult","Breeding","","Female, Male, Unknown","2019, 2020","2019","2020","CeciliaSoldatini, YuriAlbores","65","22","22737"
"2247","Buller's Albatross","Thalassarche bulleri","PTT","Nothern Bullers Albatross","Procellariiformes","Diomedeidae","Chatham Island","New Zealand","The Forty-fours","-43.8","-175.83","Adult","Fail (breeding season)","","Female, Male","2024","2024","2024","ConservationServicesProgramme","10","10","3555"
"2246","Southern Royal Albatross","Diomedea epomophora","PTT","Southern Royal Albatross","Procellariiformes","Diomedeidae","Campbell Islands","New Zealand","Campbell Island","-52.55","169.15","Adult","Breeding, Fail (breeding season)","","Female, Male","2023, 2024","2023","2024","ConservationServicesProgramme","35","35","34992"
"2225","Black-browed Albatross","Thalassarche melanophris","GLS","Black-browed albatross GLS 2009-10","Procellariiformes","Diomedeidae","South Georgia (Islas Georgias del Sur)","South Georgia and the South Sandwich Islands","Bird Island (SGSSI (IGSISS))","-54","-38.03","Adult","Non-breeding","","Female, Male","2009","2009","2009","RichardPhillips","44","44","17031"
"2210","Wandering Albatross","Diomedea exulans","GPS","Wandering albatross from Marion Island, GPS, 2018-21 breeding seasons","Procellariiformes","Diomedeidae","Prince Edward Islands","South Africa","Marion Island","-46.9","37.75","Adult","Incubation, Brood-guard","","Female, Male, Unknown","2019, 2020, 2021","2019","2021","PierrePistorius","70","70","738336"
"2209","Sooty Albatross","Phoebetria fusca","GPS","Sooty albatross from Marion Island, GPS, 2018-20 breeding seasons","Procellariiformes","Diomedeidae","Prince Edward Islands","South Africa","Marion Island","-46.9","37.75","Adult","Incubation, Brood-guard","","Unknown","2018, 2019, 2020","2018","2020","PierrePistorius","35","35","119024"
"2208","Grey-headed Albatross","Thalassarche chrysostoma","GPS","Grey-headed albatross from Marion Island, GPS, 2018-20 breeding seasons","Procellariiformes","Diomedeidae","Prince Edward Islands","South Africa","Marion Island","-46.9","37.75","Adult","Incubation","","Unknown","2018, 2019, 2020","2018","2020","PierrePistorius","27","27","101701"
"2173","Grey-headed Albatross","Thalassarche chrysostoma","GLS","Grey-headed Albatross","Procellariiformes","Diomedeidae","Campbell Islands","New Zealand","Campbell Island","-52.55","169.15","Adult","Breeding","","Unknown","2009, 2010, 2011, 2012, 2013","2009","2013","DavidThompson","62","57","72644"
"2172","Campbell Albatross","Thalassarche impavida","GLS","Campbell Albatross","Procellariiformes","Diomedeidae","Campbell Islands","New Zealand","Campbell Island","-52.55","169.15","Adult","Breeding","","Unknown","2009, 2010, 2011","2009","2011","DavidThompson","68","68","48429"
"2081","Buller's Albatross","Thalassarche bulleri","GPS","Buller's albatross from Solander 2016-17","Procellariiformes","Diomedeidae","Solander Islands","New Zealand","Great Solander Island","-46.58","166.9","Adult","Brood-guard, Post-guard","","Female, Male","2016, 2017","2016","2017","TimotheePoupart, swaugh, JohnArnould","76","32","150403"
"2077","Salvin's Albatross","Thalassarche salvini","GLS","POP2017-03 Salvin's Albatross GLS tracking","Procellariiformes","Diomedeidae","Bounty Islands","New Zealand","Proclamation Island","-47.74","179.02","Adult","Breeding, Non-breeding","","Unknown","2018, 2019","2018","2019","ConservationServicesProgramme","31","31","18296"
"2074","Antipodean Albatross","Diomedea antipodensis","PTT","Antipodean albatross juvenile PTT tracking_Pitt Island","Procellariiformes","Diomedeidae","Chatham Island","New Zealand","Pitt Island","-44.28","-176.23","Juvenile","Non-breeding","","Unknown","2021, 2022","2021","2022","ConservationServicesProgramme","1","1","695"
"2072","Antipodean Albatross","Diomedea antipodensis","PTT","Antipodean albatross tracking 2019-2022","Procellariiformes","Diomedeidae","Antipodes Islands","New Zealand","Antipodes Islands","-49.68","178.8","Adult, Juvenile","Breeding, Non-breeding","","Female, Male","2019, 2020, 2021, 2022, 2023","2019","2023","ConservationServicesProgramme","201","181","145377"
"2070","Northern Royal Albatross","Diomedea sanfordi","PTT","BCBC2020-16-19 Northern Royal Albatross PTT tracking","Procellariiformes","Diomedeidae","Chatham Island","New Zealand","The Forty-fours","-43.8","-175.83","Adult","Breeding, Non-breeding","","Female, Male","2021","2021","2021","ConservationServicesProgramme","30","30","6746"
"2058","Buller's Albatross","Thalassarche bulleri","GLS","POP2022-05 Southern Buller's Albatross GLS tracking","Procellariiformes","Diomedeidae","The Snares","New Zealand","North-East Island","-48.01","166.6","Adult","Breeding, Non-breeding","","Female, Male, Unknown","2020, 2021, 2022","2020","2022","ConservationServicesProgramme","28","28","17592"
"2057","Buller's Albatross","Thalassarche bulleri","GLS","POP2022-05 Northern Buller's Albatross GLS tracking","Procellariiformes","Diomedeidae","Chatham Island","New Zealand","The Forty-fours","-43.8","-175.83","Adult","Breeding, Non-breeding","","Female, Male","2021, 2022, 2023","2021","2023","ConservationServicesProgramme","69","69","40712"
"2006","Wandering Albatross","Diomedea exulans","GPS","Wandering Albatross brood-guard 2019","Procellariiformes","Diomedeidae","South Georgia (Islas Georgias del Sur)","South Georgia and the South Sandwich Islands","Bird Island (SGSSI (IGSISS))","-54","-38.03","Adult","Brood-guard","","Unknown","2019","2019","2019","RichardPhillips","32","30","26864"
"2005","Wandering Albatross","Diomedea exulans","GPS","Wandering Albatross brood-guard 2015","Procellariiformes","Diomedeidae","South Georgia (Islas Georgias del Sur)","South Georgia and the South Sandwich Islands","Bird Island (SGSSI (IGSISS))","-54","-38.03","Adult","Brood-guard","","Female, Male, Unknown","2015","2015","2015","RichardPhillips","34","33","11746"
"2004","Black-browed Albatross","Thalassarche melanophris","GPS","Black-browed Albatross brood-guard 2019","Procellariiformes","Diomedeidae","South Georgia (Islas Georgias del Sur)","South Georgia and the South Sandwich Islands","Bird Island (SGSSI (IGSISS))","-54","-38.03","Adult","Brood-guard","","Female, Male, Unknown","2019","2019","2019","RichardPhillips","30","26","18844"
"1930","Laysan Albatross","Phoebastria immutabilis","GLS","LaysanAlbatross_MidwayAtoll_GLS2008_12_postbreeding","Procellariiformes","Diomedeidae","Hawaii","United States","Midway Atoll","28.25","-177.33","Adult","Non-breeding","","Unknown","2008, 2009, 2010, 2011, 2012","2008","2012","sshaffer, RachaelOrben","37","37","9644"
"1927","Black-footed Albatross","Phoebastria nigripes","GLS","Black-footedAlbatross_MidwayAtoll_GLS2008_12_postbreeding","Procellariiformes","Diomedeidae","Hawaii","United States","Midway Atoll","28.25","-177.33","Adult","Non-breeding","","Unknown","2008, 2009, 2010, 2011, 2012","2008","2012","sshaffer, RachaelOrben","23","23","4140"
"1928","Laysan Albatross","Phoebastria immutabilis","GLS","LaysanAlbatross_FrenchFrigateShoals_GLS2008_12_postbreeding","Procellariiformes","Diomedeidae","Hawaii","United States","French Frigate Shoals","23.75","-166.16","Adult","Non-breeding","","Unknown","2008, 2009, 2010, 2011, 2012","2008","2012","sshaffer, MelindaConners, mkappes","45","45","11662"
"1929","Black-footed Albatross","Phoebastria nigripes","GLS","BlackfootedAlbatross_FrenchFrigateShoals_GLS2008_12_postbreeding","Procellariiformes","Diomedeidae","Hawaii","United States","French Frigate Shoals","23.75","-166.16","Adult","Non-breeding","","Unknown","2008, 2009, 2010, 2011, 2012","2008","2012","sshaffer, MelindaConners, mkappes","38","38","7271"
"1890","Wandering Albatross","Diomedea exulans","GPS","Wandering albatross from Bird Island, GPS, 2021 (incubation)","Procellariiformes","Diomedeidae","South Georgia (Islas Georgias del Sur)","South Georgia and the South Sandwich Islands","Bird Island (SGSSI (IGSISS))","-54","-38.03","Adult","Incubation","","Female, Male","2021","2021","2021","RichardPhillips, AnaCarneiro","25","25","40998"
"1891","Wandering Albatross","Diomedea exulans","GPS","Wandering albatross from Bird Island, GPS, 2020 (post-guard)","Procellariiformes","Diomedeidae","South Georgia (Islas Georgias del Sur)","South Georgia and the South Sandwich Islands","Bird Island (SGSSI (IGSISS))","-54","-38.03","Adult","Post-guard","","Female, Male","2020","2020","2020","RichardPhillips, AnaCarneiro","38","27","35554"
"1892","Wandering Albatross","Diomedea exulans","GPS","Wandering albatross from Bird Island, GPS, 2021 (post-guard)","Procellariiformes","Diomedeidae","South Georgia (Islas Georgias del Sur)","South Georgia and the South Sandwich Islands","Bird Island (SGSSI (IGSISS))","-54","-38.03","Adult","Post-guard","","Female, Male","2021","2021","2021","RichardPhillips, AnaCarneiro","28","27","37726"
"1893","Wandering Albatross","Diomedea exulans","GPS","Wandering albatross from Bird Island, GPS, 2020 (sabbatical)","Procellariiformes","Diomedeidae","South Georgia (Islas Georgias del Sur)","South Georgia and the South Sandwich Islands","Bird Island (SGSSI (IGSISS))","-54","-38.03","Adult","Sabbatical","","Female, Male","2020","2020","2020","RichardPhillips, AnaCarneiro","29","9","8222"
"1895","Wandering Albatross","Diomedea exulans","GPS","Wandering albatross from Bird Island, GPS, 2020-2021 (xargos; sabbatical and immature)","Procellariiformes","Diomedeidae","South Georgia (Islas Georgias del Sur)","South Georgia and the South Sandwich Islands","Bird Island (SGSSI (IGSISS))","-54","-38.03","Adult, Immature","Sabbatical, Non-breeding","","Female, Male","2019, 2020, 2021","2019","2021","RichardPhillips, AnaCarneiro","55","55","141181"
"1896","Wandering Albatross","Diomedea exulans","GPS","Wandering albatross from Bird Island, GPS, 2020-2021 (xargos; juvenile)","Procellariiformes","Diomedeidae","South Georgia (Islas Georgias del Sur)","South Georgia and the South Sandwich Islands","Bird Island (SGSSI (IGSISS))","-54","-38.03","Juvenile","Non-breeding","","Unknown","2019, 2020, 2021","2019","2021","RichardPhillips, AnaCarneiro","31","31","140542"
"1904","Black-browed Albatross","Thalassarche melanophris","PTT","Black-browed albatross, PTT, non-breeding, 2011-2015","Procellariiformes","Diomedeidae"," At-sea","Argentina","Unknown","-40.67","-59.27","Adult, Immature","Non-breeding","","Female, Male, Unknown","2011, 2012, 2013, 2015, 2016","2011","2016","JesicaPaz, SofiaCopello, JuanPabloSecoPon, MarcoFavero","29","29","18460"
"1885","Wandering Albatross","Diomedea exulans","GPS","Wandering albatross from Bird Island, GPS, 2020 (brood-guard)","Procellariiformes","Diomedeidae","South Georgia (Islas Georgias del Sur)","South Georgia and the South Sandwich Islands","Bird Island (SGSSI (IGSISS))","-54","-38.03","Adult","Brood-guard","","Female, Male","2020","2020","2020","RichardPhillips, AnaCarneiro","32","27","14119"
"1888","Wandering Albatross","Diomedea exulans","GPS","Wandering albatross from Bird Island, GPS, 2020 (immature)","Procellariiformes","Diomedeidae","South Georgia (Islas Georgias del Sur)","South Georgia and the South Sandwich Islands","Bird Island (SGSSI (IGSISS))","-54","-38.03","Immature","Non-breeding","","Female, Male","2020","2020","2020","RichardPhillips, AnaCarneiro","7","3","3511"
"1889","Wandering Albatross","Diomedea exulans","GPS","Wandering albatross from Bird Island, GPS, 2020 (incubation)","Procellariiformes","Diomedeidae","South Georgia (Islas Georgias del Sur)","South Georgia and the South Sandwich Islands","Bird Island (SGSSI (IGSISS))","-54","-38.03","Adult","Incubation","","Female, Male","2019, 2020","2019","2020","RichardPhillips, AnaCarneiro","35","34","59874"
"1857","Black-footed Albatross","Phoebastria nigripes","GPS","Black-footed albatross_Tern Island, French Frigate Shoals, NWHI_GPS","Procellariiformes","Diomedeidae","Hawaii","United States","French Frigate Shoals","23.75","-166.16","Unknown","Unknown","","Unknown","2006, 2007, 2008, 2009, 2010, 2011, 2012","2006","2012","sshaffer, MelindaConners","123","1","40869"
"1858","Laysan Albatross","Phoebastria immutabilis","GPS","Laysan albatross_Tern Island, French Frigate Shoals, NWHI_GPS","Procellariiformes","Diomedeidae","Hawaii","United States","French Frigate Shoals","23.75","-166.16","Unknown","Unknown","","Unknown","2006, 2007, 2008, 2009, 2010, 2011, 2012","2006","2012","sshaffer, MelindaConners","130","1","49166"
"1845","Grey-headed Albatross","Thalassarche chrysostoma","PTT","Juvenile_Grey-headedAlbatross_PTT_2018-2019","Procellariiformes","Diomedeidae","South Georgia (Islas Georgias del Sur)","South Georgia and the South Sandwich Islands","Bird Island (SGSSI (IGSISS))","-54","-38.03","Juvenile","Migration","","Unknown","2018, 2019","2018","2019","RichardPhillips","23","23","9433"
"1846","Black-browed Albatross","Thalassarche melanophris","GPS","BBA_Bird Is_Falklands_GPS","Procellariiformes","Diomedeidae","Falkland Islands (Islas Malvinas)","Falkland Islands (Malvinas)","Bird Island (Falklands/Malvinas)","-52.17","-60.91","Adult","Brood-guard","","Male","2021","2021","2021","AlastairBaylis, RachaelOrben","84","23","48273"
"1708","Tristan Albatross","Diomedea dabbenena","GPS","Juvenile Tristan Albatross 2015-16","Procellariiformes","Diomedeidae","Gough","Saint Helena, Ascension and Tristan da Cunha","Gough Island","-40.31","-9.91","Juvenile","Non-breeding","","Unknown","2015, 2016","2015","2016","ChristinaMoseley","6","6","3206"
"1709","Tristan Albatross","Diomedea dabbenena","GPS","Juvenile Tristan Albatross 2018-19","Procellariiformes","Diomedeidae","Gough","Saint Helena, Ascension and Tristan da Cunha","Gough Island","-40.31","-9.91","Juvenile","Non-breeding","","Unknown","2018, 2019","2018","2019","ChristinaMoseley","12","12","1091"
"1604","Light-mantled Albatross","Phoebetria palpebrata","GLS","Light-mantled Albatross, Crozet, GLS, 2008 - 2010","Procellariiformes","Diomedeidae","Crozet","France","Ile de la Possession","-46.4","51.75","Adult","Unknown","","Unknown","2008, 2009, 2010","2008","2010","hweimerskirch","7","7","1255"
"1605","Light-mantled Albatross","Phoebetria palpebrata","GLS","Light-mantled Albatross, Kerguelen, GLS, 2007 - 2010","Procellariiformes","Diomedeidae","Kerguelen","France","Canyon des Sourcils Noirs","-49.68","70.24","Adult","Unknown","","Unknown","2007, 2008, 2009, 2010","2007","2010","hweimerskirch","5","5","1234"
"1609","Indian Yellow-nosed Albatross","Thalassarche carteri","GLS","Indian Yellow-nosed Albatross, GLS, Amsterdam, 2007 - 2008","Procellariiformes","Diomedeidae","Amsterdam and St Paul","France","Falaise d'Entrecasteaux","-37.84","77.53","Adult","Unknown","","Unknown","2007, 2008","2007","2008","hweimerskirch","17","17","7343"
"1560","Atlantic Yellow-nosed Albatross","Thalassarche chlororhynchos","PTT","Atlantic Yellow-nosed Albatross 2020","Procellariiformes","Diomedeidae","At-Sea","Brazil","At-Sea","-25.62","-40.69","Adult, Immature","Breeding, Non-breeding","","Unknown","2019, 2020","2019","2020","lbugoni@yahoo.com.br","4","4","17148"
"1528","Wandering Albatross","Diomedea exulans","GPS","Wandering albatross from Marion Island, incubation 2016 -2018","Procellariiformes","Diomedeidae","Prince Edward Islands","South Africa","Marion Island","-46.9","37.75","Adult","Incubation","","Unknown","2016, 2017, 2018","2016","2018","PierrePistorius","46","46","13597"
"1529","Sooty Albatross","Phoebetria fusca","GPS","Sooty albatross from Marion Island, breeding 2015/16 - 2017/18","Procellariiformes","Diomedeidae","Prince Edward Islands","South Africa","Marion Island","-46.9","37.75","Adult","Incubation, Brood-guard","","Unknown","2015, 2016, 2017","2015","2017","PierrePistorius","89","52","9718"
"1530","Light-mantled Albatross","Phoebetria palpebrata","GPS","Light-mantled albatross from Marion Island, breeding 2015/16 - 2017/18","Procellariiformes","Diomedeidae","Prince Edward Islands","South Africa","Marion Island","-46.9","37.75","Adult","Incubation, Brood-guard","","Unknown","2015, 2016, 2017, 2018","2015","2018","PierrePistorius","28","24","7201"
"1537","Black-browed Albatross","Thalassarche melanophris","GPS","Black-browed Albatross, Bird Island, GPS, 2008","Procellariiformes","Diomedeidae","South Georgia (Islas Georgias del Sur)","South Georgia and the South Sandwich Islands","Bird Island (SGSSI (IGSISS))","-54","-38.03","Adult","Brood-guard, Post-guard, Chick-rearing","","Female, Male, Unknown","2008","2008","2008","RichardPhillips, E.D.Wakefield@leeds.ac.uk","53","49","25098"
"1504","Atlantic Yellow-nosed Albatross","Thalassarche chlororhynchos","GPS","AtlanticYellowNosedAlbatross_GPS_2017_Inc_x9_Nightingale","Procellariiformes","Diomedeidae","Nightingale Island","Saint Helena, Ascension and Tristan da Cunha","Nightingale","-37.42","-12.48","Adult","Incubation","","Female, Male","2017","2017","2017","BenDilley, pryan31@gmail.com","9","9","8955"
"1506","Atlantic Yellow-nosed Albatross","Thalassarche chlororhynchos","GPS","AtlanticYellowNosedAlbatross_GPS_2018_Inc_x18_Inaccessible","Procellariiformes","Diomedeidae","Tristan da Cunha","Saint Helena, Ascension and Tristan da Cunha","Inaccessible Island","-37.31","-12.73","Adult","Incubation","","Female, Male, Unknown","2018","2018","2018","pryan31@gmail.com, BenDilley","18","18","15135"
"1508","Grey-headed Albatross","Thalassarche chrysostoma","GPS","Grey-headedAlbatross_GPS_2013_Inc&Brood_x35_Marion","Procellariiformes","Diomedeidae","Prince Edward Islands","South Africa","Marion Island","-46.9","37.75","Adult","Incubation, Brood-guard","","Female, Male, Unknown","2013, 2014","2013","2014","pryan31@gmail.com, BenDilley","35","35","31255"
"1509","Grey-headed Albatross","Thalassarche chrysostoma","GPS","Grey-headedAlbatross_GPS_2014_Inc&Brood_x6_Marion","Procellariiformes","Diomedeidae","Prince Edward Islands","South Africa","Marion Island","-46.9","37.75","Adult","Incubation, Brood-guard","","Female, Male, Unknown","2014","2014","2014","pryan31@gmail.com, BenDilley","6","6","3270"
"1511","Light-mantled Albatross","Phoebetria palpebrata","GPS","LightMantledSootyAlbatross_GPS_2014_Inc&Brood_x10_Marion","Procellariiformes","Diomedeidae","Prince Edward Islands","South Africa","Marion Island","-46.9","37.75","Adult","Incubation, Brood-guard","","Female, Male, Unknown","2013, 2014","2013","2014","pryan31@gmail.com, BenDilley","10","10","9814"
"1512","Sooty Albatross","Phoebetria fusca","GPS","Sooty Albatross, GPS, Marion Island, 2013-15","Procellariiformes","Diomedeidae","Prince Edward Islands","South Africa","Marion Island","-46.9","37.75","Adult","Incubation, Brood-guard","","Female, Male, Unknown","2013, 2014, 2015","2013","2015","pryan31@gmail.com, StefanSchoombie","59","37","9504"
"1513","Wandering Albatross","Diomedea exulans","GPS","WanderingAlbatross_GPS_2013_Inc_x11_Marion","Procellariiformes","Diomedeidae","Prince Edward Islands","South Africa","Marion Island","-46.9","37.75","Adult","Incubation","","Female, Male","2013","2013","2013","pryan31@gmail.com, BenDilley","11","11","13255"
"1514","Grey-headed Albatross","Thalassarche chrysostoma","GPS","Grey-headedAlbatross_GPS_2012_Brood_x12_Marion","Procellariiformes","Diomedeidae","Prince Edward Islands","South Africa","Marion Island","-46.9","37.75","Adult","Brood-guard","","Female, Male","2012, 2013","2012","2013","pryan31@gmail.com, BenDilley","12","12","14684"
"1515","Grey-headed Albatross","Thalassarche chrysostoma","GPS","Grey-headedAlbatross_GPS_2016_Inc&Brood_x33_Marion","Procellariiformes","Diomedeidae","Prince Edward Islands","South Africa","Marion Island","-46.9","37.75","Adult","Incubation, Brood-guard","","Female, Male, Unknown","2016, 2017","2016","2017","pryan31@gmail.com, BenDilley","33","33","73959"
"1516","Wandering Albatross","Diomedea exulans","GPS","WanderingAlbatross_GPS_2017_Inc&Brood_x14_Marion","Procellariiformes","Diomedeidae","Prince Edward Islands","South Africa","Marion Island","-46.9","37.75","Adult","Incubation, Brood-guard","","Female, Male","2016, 2017","2016","2017","pryan31@gmail.com, BenDilley","14","14","13080"
"1517","Wandering Albatross","Diomedea exulans","GPS","WanderingAlbatross_GPS_2014_Inc&Brood_x9_Marion","Procellariiformes","Diomedeidae","Prince Edward Islands","South Africa","Marion Island","-46.9","37.75","Adult","Incubation, Brood-guard","","Female, Male","2014","2014","2014","pryan31@gmail.com, BenDilley","9","9","12303"
"1527","Grey-headed Albatross","Thalassarche chrysostoma","GPS","Grey-headed albatross from Marion Island, breeding 2015/16 - 2017/18","Procellariiformes","Diomedeidae","Prince Edward Islands","South Africa","Marion Island","-46.9","37.75","Adult","Incubation, Brood-guard","","Unknown","2015, 2016, 2017","2015","2017","PierrePistorius","78","52","11502"
"1454","Black-browed Albatross","Thalassarche melanophris","GLS","BBA_New_Island_nonbreeding_2013","Procellariiformes","Diomedeidae","Falkland Islands (Islas Malvinas)","Falkland Islands (Malvinas)","New Island","-51.71","-61.3","Adult","Unknown","","Female, Male","2013","2013","2013","AurorePonchon, paulo.catry@gmail.com, jpgranadeiro@fc.ul.pt","60","60","15868"
"1455","Atlantic Yellow-nosed Albatross","Thalassarche chlororhynchos","GPS","Atlantic Yellow-nosed Albatross Gough Island brood-guard 2018","Procellariiformes","Diomedeidae","Gough","Saint Helena, Ascension and Tristan da Cunha","Gough Island","-40.31","-9.91","Adult","Brood-guard","","Unknown","2018","2018","2018","TrevorGlass, AndySchofield","35","35","19438"
"1456","Tristan Albatross","Diomedea dabbenena","GPS","Tristan Albatross Gough Island brood-guard 2018","Procellariiformes","Diomedeidae","Gough","Saint Helena, Ascension and Tristan da Cunha","Gough Island","-40.31","-9.91","Adult","Brood-guard, Chick-rearing","","Female, Male","2018","2018","2018","TrevorGlass, AndySchofield, JaimieCleeland","77","29","24310"
"1457","Tristan Albatross","Diomedea dabbenena","GPS","Tristan Albatross Gough Island brood-guard 2019","Procellariiformes","Diomedeidae","Gough","Saint Helena, Ascension and Tristan da Cunha","Gough Island","-40.31","-9.91","Adult","Brood-guard","","Female, Male","2019","2019","2019","TrevorGlass, AndySchofield","28","28","39835"
"1447","Grey-headed Albatross","Thalassarche chrysostoma","GPS","Grey-headed Albatross, Marion Island, GPS, 2013-14","Procellariiformes","Diomedeidae","Prince Edward Islands","South Africa","Marion Island","-46.9","37.75","Adult","Incubation, Brood-guard","","Female, Male, Unknown","2013, 2014","2013","2014","pryan31@gmail.com","51","34","8882"
"1448","Black-browed Albatross","Thalassarche melanophris","GLS","Black-browed Albatross immatures, New Island, GLS, 2013-2014","Procellariiformes","Diomedeidae","Falkland Islands (Islas Malvinas)","Falkland Islands (Malvinas)","New Island","-51.71","-61.3","Immature","Non-breeding","","Female, Male, Unknown","2013, 2014","2013","2014","LetiziaCampioni, paulo.catry@gmail.com, jpgranadeiro@fc.ul.pt","17","17","6576"
"1450","Grey-headed Albatross","Thalassarche chrysostoma","GLS","Grey-headed Albatross, GLS, Marion Island, 2002-2004","Procellariiformes","Diomedeidae","Prince Edward Islands","South Africa","Marion Island","-46.9","37.75","Adult","Non-breeding","","Unknown","2002, 2003, 2004","2002","2004","pryan31@gmail.com","25","25","20526"
"1451","Black-browed Albatross","Thalassarche melanophris","GPS","Black-browed Albatross immatures, New Island, GPS, 2013-2014","Procellariiformes","Diomedeidae","Falkland Islands (Islas Malvinas)","Falkland Islands (Malvinas)","New Island","-51.71","-61.3","Immature","Non-breeding","","Female, Male, Unknown","2013, 2014","2013","2014","LetiziaCampioni, paulo.catry@gmail.com, jpgranadeiro@fc.ul.pt","259","59","13409"
"1405","Wandering Albatross","Diomedea exulans","GLS","Wandering albatross geolocators 2007-09","Procellariiformes","Diomedeidae","South Georgia (Islas Georgias del Sur)","South Georgia and the South Sandwich Islands","Bird Island (SGSSI (IGSISS))","-54","-38.03","Adult","Non-breeding","","Female, Male","2007, 2008, 2009","2007","2009","RichardPhillips","82","82","31220"
"1412","Atlantic Yellow-nosed Albatross","Thalassarche chlororhynchos","PTT","Atlantic Yellow-nosed Albatross 2015","Procellariiformes","Diomedeidae","At-Sea","High Seas","At-Sea","","","Adult, Immature","Unknown","","Unknown","2015","2015","2015","lbugoni@yahoo.com.br","7","7","2649"
"1379","Shy Albatross","Thalassarche cauta","PTT","Shy albatross fledglings from Mewstone 2016/17","Procellariiformes","Diomedeidae","Tasmania","Australia","The Mewstone","-43.73","146.36","Juvenile","Non-breeding","","Unknown","2017","2017","2017","KrisCarlyon","4","4","1474"
"1381","Shy Albatross","Thalassarche cauta","GPS","Shy albatross, Albatross Island, 2013-2019","Procellariiformes","Diomedeidae","Tasmania","Australia","Albatross Island (AU)","-40.38","144.65","Adult","Pre-egg, Incubation","","Female, Male, Unknown","2013, 2014, 2015, 2016, 2017, 2018, 2019","2013","2019","KrisCarlyon","139","139","146729"
"1382","Black-browed Albatross","Thalassarche melanophris","GPS","Black-browed Albatross, Bird Island, GPS, 2010-2015","Procellariiformes","Diomedeidae","South Georgia (Islas Georgias del Sur)","South Georgia and the South Sandwich Islands","Bird Island (SGSSI (IGSISS))","-54","-38.03","Adult","Incubation, Brood-guard","","Female, Male","2010, 2014, 2015","2010","2015","RichardPhillips","127","83","37145"
"1383","Grey-headed Albatross","Thalassarche chrysostoma","GPS","Grey-headed Albatross, Bird Island, GPS, 2002-2012","Procellariiformes","Diomedeidae","South Georgia (Islas Georgias del Sur)","South Georgia and the South Sandwich Islands","Bird Island (SGSSI (IGSISS))","-54","-38.03","Adult","Incubation, Brood-guard","","Female, Male, Unknown","2002, 2009, 2010, 2012","2002","2012","RichardPhillips","64","56","25951"
"1384","Light-mantled Albatross","Phoebetria palpebrata","GPS","Light-mantled Sooty Albatross, Bird Island, GPS, 2009-2015","Procellariiformes","Diomedeidae","South Georgia (Islas Georgias del Sur)","South Georgia and the South Sandwich Islands","Bird Island (SGSSI (IGSISS))","-54","-38.03","Adult","Incubation, Brood-guard","","Female, Male, Unknown","2009, 2010, 2014, 2015","2009","2015","RichardPhillips","20","16","8139"
"1387","Wandering Albatross","Diomedea exulans","GPS","Wandering Albatross, Bird Island, GPS, 2003-2012","Procellariiformes","Diomedeidae","South Georgia (Islas Georgias del Sur)","South Georgia and the South Sandwich Islands","Bird Island (SGSSI (IGSISS))","-54","-38.03","Adult","Incubation, Brood-guard, Post-guard","","Female, Male","2003, 2006, 2009, 2012","2003","2012","RichardPhillips","121","90","83549"
"1388","Black-browed Albatross","Thalassarche melanophris","PTT","Black-browed Albatross, Bird Island, PTT, 2005","Procellariiformes","Diomedeidae","South Georgia (Islas Georgias del Sur)","South Georgia and the South Sandwich Islands","Bird Island (SGSSI (IGSISS))","-54","-38.03","Adult","Brood-guard","","Female, Male, Unknown","2005","2005","2005","RichardPhillips","5","4","147"
"1389","Black-browed Albatross","Thalassarche melanophris","PTT","Black-browed Albatross, Juveniles, Bird Island, PTT, 2006 & 2010","Procellariiformes","Diomedeidae","South Georgia (Islas Georgias del Sur)","South Georgia and the South Sandwich Islands","Bird Island (SGSSI (IGSISS))","-54","-38.03","Juvenile","Non-breeding","","Unknown","2006, 2010","2006","2010","RichardPhillips","11","11","2337"
"1390","Grey-headed Albatross","Thalassarche chrysostoma","PTT","Grey-headed Albatross, Bird Island, PTT, 2010","Procellariiformes","Diomedeidae","South Georgia (Islas Georgias del Sur)","South Georgia and the South Sandwich Islands","Bird Island (SGSSI (IGSISS))","-54","-38.03","Adult","Brood-guard","","Male","2010","2010","2010","RichardPhillips","2","2","249"
"1391","Grey-headed Albatross","Thalassarche chrysostoma","PTT","Grey-headed Albatross, Juveniles, Bird Island, PTT, 2006","Procellariiformes","Diomedeidae","South Georgia (Islas Georgias del Sur)","South Georgia and the South Sandwich Islands","Bird Island (SGSSI (IGSISS))","-54","-38.03","Juvenile","Non-breeding","","Unknown","2006","2006","2006","RichardPhillips","5","5","690"
"1394","Wandering Albatross","Diomedea exulans","PTT","Wandering Albatross, Bird Island, PTT, 1991 & 1999","Procellariiformes","Diomedeidae","South Georgia (Islas Georgias del Sur)","South Georgia and the South Sandwich Islands","Bird Island (SGSSI (IGSISS))","-54","-38.03","Adult","Brood-guard, Post-guard","","Female","1991, 1999","1991","1999","RichardPhillips","4","3","402"
"1395","Wandering Albatross","Diomedea exulans","PTT","Wandering Albatross, Juveniles, Bird Island, PTT, 2009-2010","Procellariiformes","Diomedeidae","South Georgia (Islas Georgias del Sur)","South Georgia and the South Sandwich Islands","Bird Island (SGSSI (IGSISS))","-54","-38.03","Juvenile","Non-breeding","","Unknown","2009, 2010","2009","2010","RichardPhillips","12","12","11184"
"1397","Black-browed Albatross","Thalassarche melanophris","GPS","Black-browed albatross from Macquarie Island, GPS, incubation 2016","Procellariiformes","Diomedeidae","Macquarie Island","Australia","Macquarie Island","-54.61","158.85","Adult","Incubation","","Unknown","2016","2016","2016","KrisCarlyon","5","5","21151"
"1378","Shy Albatross","Thalassarche cauta","PTT","Shy albatross fledglings from Albatross Is 2015/16 and 2016/17","Procellariiformes","Diomedeidae","Tasmania","Australia","Albatross Island (AU)","-40.38","144.65","Juvenile","Non-breeding","","Unknown","2016, 2017","2016","2017","KrisCarlyon","6","6","5158"
"1309","Light-mantled Albatross","Phoebetria palpebrata","PTT","Light-mantled albatross, Kerguelen, PTT, 2010","Procellariiformes","Diomedeidae","Kerguelen","France","Iles Kerguelen","-49.36","69.57","Juvenile","Non-breeding","","Unknown","2010","2010","2010","hweimerskirch","3","3","1728"
"1312","Sooty Albatross","Phoebetria fusca","PTT","Sooty Albatross, Ile Amsterdam, PTT, 2008-2011","Procellariiformes","Diomedeidae","Amsterdam and St Paul","France","Ile Amsterdam","-37.85","77.51","Adult, Juvenile","Incubation, Chick-rearing, Non-breeding","","Unknown","2008, 2009, 2010, 2011","2008","2011","hweimerskirch","11","11","5238"
"1313","Sooty Albatross","Phoebetria fusca","PTT","Sooty Albatross, Crozet, PTT, 2007-2009","Procellariiformes","Diomedeidae","Crozet","France","Iles Crozet","-46.42","51.74","Adult, Juvenile","Incubation, Chick-rearing, Non-breeding","","Unknown","2007, 2008, 2009","2007","2009","hweimerskirch","24","24","11061"
"1318","Wandering Albatross","Diomedea exulans","PTT","Wandering Albatross, Kerguelen, PTT, 1998, 2002 and 2007-2009","Procellariiformes","Diomedeidae","Kerguelen","France","Iles Kerguelen","-49.36","69.57","Adult, Immature, Juvenile","Incubation, Brood-guard, Chick-rearing, Non-breeding","","Female, Male, Unknown","1998, 2001, 2002, 2004, 2005, 2007, 2008, 2009","1998","2009","hweimerskirch","55","46","25148"
"1319","Wandering Albatross","Diomedea exulans","PTT","Wandering Albatross, Crozet, PTT, selected years between 1989-2010","Procellariiformes","Diomedeidae","Crozet","France","Iles Crozet","-46.42","51.74","Adult, Immature, Unknown, Juvenile","Incubation, Brood-guard, Chick-rearing, Non-breeding","","Female, Male, Unknown","1989, 1990, 1991, 1992, 1994, 1998, 1999, 2000, 2001, 2002, 2003, 2007, 2008, 2009, 2010","1989","2010","hweimerskirch","307","237","34001"
"1320","Wandering Albatross","Diomedea exulans","GLS","Wandering Albatross, Kerguelen, GLS, 2007-2013","Procellariiformes","Diomedeidae","Kerguelen","France","Iles Kerguelen","-49.36","69.57","Adult","Breeding, Non-breeding","","Female, Male","2007, 2008, 2009, 2010, 2011, 2012, 2013","2007","2013","hweimerskirch","23","23","15094"
"1321","Wandering Albatross","Diomedea exulans","GLS","Wandering Albatross, Crozet, GLS, 2006-2013, part 1","Procellariiformes","Diomedeidae","Crozet","France","Iles Crozet","-46.42","51.74","Adult","Breeding, Non-breeding","","Female, Male","2006, 2007, 2008, 2009, 2010, 2011, 2012, 2013","2006","2013","hweimerskirch","58","56","39490"
"1322","Wandering Albatross","Diomedea exulans","GLS","Wandering Albatross, Crozet, GLS, 2007-2012, part 2","Procellariiformes","Diomedeidae","Crozet","France","Iles Crozet","-46.42","51.74","Adult","Breeding, Non-breeding","","Female, Male","2007, 2008, 2009, 2010, 2011, 2012","2007","2012","hweimerskirch","40","40","38362"
"1324","Antipodean Albatross","Diomedea antipodensis","GLS","Gibson's wandering albatross 3/7/2017","Procellariiformes","Diomedeidae","Auckland Islands","New Zealand","Adams Island","-50.88","166.05","Adult","Breeding, Fail (breeding season), Sabbatical, Non-breeding","","Female, Male","2009, 2010, 2011, 2012, 2013, 2014, 2015, 2016, 2017","2009","2017","GraemeElliott","75","75","34708"
"1325","Antipodean Albatross","Diomedea antipodensis","GLS","Antipodean wandering albatross 3/7/2017","Procellariiformes","Diomedeidae","Antipodes Islands","New Zealand","Antipodes Island","-49.7","178.78","Adult","Breeding, Fail (breeding season), Sabbatical, Non-breeding","","Female, Male","2011, 2012, 2013, 2014, 2015, 2016, 2017","2011","2017","GraemeElliott","50","50","22191"
"1290","Sooty Albatross","Phoebetria fusca","GPS","SootyAlbatross GPS 2013 Gough","Procellariiformes","Diomedeidae","Gough","Saint Helena, Ascension and Tristan da Cunha","Gough Island","-40.31","-9.91","Adult","Incubation, Chick-rearing","","Unknown","2013","2013","2013","BenDilley, pryan31@gmail.com","13","13","25987"
"1292","Sooty Albatross","Phoebetria fusca","GPS","SootyAlbatross GPS 2015 Tristan","Procellariiformes","Diomedeidae","Tristan da Cunha","Saint Helena, Ascension and Tristan da Cunha","Tristan da Cunha","-37.11","-12.28","Adult","Incubation","","Female, Male","2015","2015","2015","BenDilley, TrevorGlass","3","3","3862"
"1293","Tristan Albatross","Diomedea dabbenena","GPS","TristanAlbatross GPS 2014 Gough","Procellariiformes","Diomedeidae","Gough","Saint Helena, Ascension and Tristan da Cunha","Gough Island","-40.31","-9.91","Adult","Incubation","","Female, Male","2014","2014","2014","BenDilley, pryan31@gmail.com","18","18","20396"
"1295","Black-browed Albatross","Thalassarche melanophris","GLS","Black-browed Albatross from Kerguelen, GLS, Part 1","Procellariiformes","Diomedeidae","Kerguelen","France","Iles Kerguelen","-49.36","69.57","Adult","Breeding, Non-breeding","","Female, Male, Unknown","2009, 2010, 2011, 2012, 2013","2009","2013","hweimerskirch","91","71","39762"
"1296","Black-browed Albatross","Thalassarche melanophris","GLS","Black-browed Albatross from Kerguelen, GLS, Part 2","Procellariiformes","Diomedeidae","Kerguelen","France","Iles Kerguelen","-49.36","69.57","Adult","Breeding, Non-breeding","","Female, Male, Unknown","2007, 2008, 2009, 2010, 2011, 2012, 2013","2007","2013","hweimerskirch","111","92","39984"
"1297","Black-browed Albatross","Thalassarche melanophris","PTT","Black-browed Albatross from Kerguelen, PTT","Procellariiformes","Diomedeidae","Kerguelen","France","Iles Kerguelen","-49.36","69.57","Adult, Juvenile","Incubation, Chick-rearing, Non-breeding","","Unknown","1994, 1995, 1999, 2011","1994","2011","hweimerskirch","34","32","3115"
"1300","Indian Yellow-nosed Albatross","Thalassarche carteri","PTT","Indian Yellow-nosed Albatross from Amsterdam Island, PTT","Procellariiformes","Diomedeidae","Amsterdam and St Paul","France","Ile Amsterdam","-37.85","77.51","Adult, Juvenile","Incubation, Chick-rearing, Non-breeding, Unknown","","Female, Male, Unknown","1995, 1996, 2000, 2001, 2002, 2006, 2011","1995","2011","hweimerskirch","104","88","9542"
"1301","Amsterdam Albatross","Diomedea amsterdamensis","GLS","Amsterdam Albatross, GLS, non-breeding, 2006-2008 (part)","Procellariiformes","Diomedeidae","Amsterdam and St Paul","France","Ile Amsterdam","-37.85","77.51","Adult, Immature","Non-breeding","","Female, Male","2006, 2007, 2008","2006","2008","hweimerskirch","5","5","39989"
"1302","Amsterdam Albatross","Diomedea amsterdamensis","GLS","Amsterdam Albatross, GLS, non-breeding adults, 2006-2011 (part)","Procellariiformes","Diomedeidae","Amsterdam and St Paul","France","Ile Amsterdam","-37.85","77.51","Adult","Non-breeding","","Female, Male","2006, 2007, 2008, 2010, 2011","2006","2011","hweimerskirch","5","5","44450"
"1303","Amsterdam Albatross","Diomedea amsterdamensis","GLS","Amsterdam Albatross, GLS, non-breeding adults, 2010-2011 (part)","Procellariiformes","Diomedeidae","Amsterdam and St Paul","France","Ile Amsterdam","-37.85","77.51","Adult","Non-breeding","","Female, Male","2010, 2011","2010","2011","hweimerskirch","5","5","45780"
"1304","Amsterdam Albatross","Diomedea amsterdamensis","GLS","Amsterdam Albatross, GLS, non-breeding, 2011-2012 (part)","Procellariiformes","Diomedeidae","Amsterdam and St Paul","France","Ile Amsterdam","-37.85","77.51","Immature","Non-breeding","","Female","2011, 2012","2011","2012","hweimerskirch","4","4","30367"
"1305","Amsterdam Albatross","Diomedea amsterdamensis","PTT","Amsterdam Albatross, PTT, 1996-2012","Procellariiformes","Diomedeidae","Amsterdam and St Paul","France","Ile Amsterdam","-37.85","77.51","Adult, Juvenile","Incubation, Brood-guard, Chick-rearing, Non-breeding","","Female, Male, Unknown","1996, 2000, 2005, 2009, 2011, 2012","1996","2012","hweimerskirch","308","49","17038"
"1308","Light-mantled Albatross","Phoebetria palpebrata","PTT","Light-mantled albatross, Crozet, PTT, 2009","Procellariiformes","Diomedeidae","Crozet","France","Iles Crozet","-46.42","51.74","Adult, Juvenile","Chick-rearing, Non-breeding","","Unknown","2009","2009","2009","hweimerskirch","8","8","2168"
"1133","Wandering Albatross","Diomedea exulans","GPS","Wandering Albatross Part 1","Procellariiformes","Diomedeidae","Crozet","France","Iles Crozet","-46.42","51.74","Adult","Incubation","","Female, Male","2016","2016","2016","hweimerskirch","5","5","24215"
"1134","Wandering Albatross","Diomedea exulans","GPS","Wandering Albatross Part 2","Procellariiformes","Diomedeidae","Crozet","France","Iles Crozet","-46.42","51.74","Adult","Incubation","","Female, Male","2016","2016","2016","hweimerskirch","5","5","39093"
"1135","Wandering Albatross","Diomedea exulans","GPS","Wandering Albatross Part 3","Procellariiformes","Diomedeidae","Crozet","France","Iles Crozet","-46.42","51.74","Adult","Incubation","","Female, Male","2016","2016","2016","hweimerskirch","5","5","30442"
"1136","Wandering Albatross","Diomedea exulans","GPS","Wandering Albatross Part 4","Procellariiformes","Diomedeidae","Crozet","France","Iles Crozet","-46.42","51.74","Adult","Incubation","","Female, Male","2016","2016","2016","hweimerskirch","5","5","53267"
"1137","Wandering Albatross","Diomedea exulans","GPS","Wandering Albatross Part 5","Procellariiformes","Diomedeidae","Crozet","France","Iles Crozet","-46.42","51.74","Adult","Incubation","","Female, Male","2016","2016","2016","hweimerskirch","5","5","48712"
"1138","Wandering Albatross","Diomedea exulans","GPS","Wandering Albatross Part 6","Procellariiformes","Diomedeidae","Crozet","France","Iles Crozet","-46.42","51.74","Adult","Incubation","","Female, Male","2016","2016","2016","hweimerskirch","4","4","28770"
"1130","Grey-headed Albatross","Thalassarche chrysostoma","GLS","Grey-headed albatross, Macquarie Island, GLS, 2005-2006","Procellariiformes","Diomedeidae","Macquarie Island","Australia","Macquarie Island","-54.61","158.85","Adult","Breeding, Non-breeding","","Unknown","2005, 2006","2005","2006","KrisCarlyon","2","2","984"
"1131","Light-mantled Albatross","Phoebetria palpebrata","GLS","Light-mantled albatross, Macquarie Island, GLS, 2005-2007","Procellariiformes","Diomedeidae","Macquarie Island","Australia","Macquarie Island","-54.61","158.85","Adult","Breeding, Non-breeding","","Unknown","2005, 2006, 2007","2005","2007","KrisCarlyon","3","3","1876"
"1132","Wandering Albatross","Diomedea exulans","GLS","Wandering albatross, Macquarie Island, GLS: 1998, 2005-2009","Procellariiformes","Diomedeidae","Macquarie Island","Australia","Macquarie Island","-54.61","158.85","Adult","Breeding, Non-breeding","","Female, Male","1998, 1999, 2005, 2006, 2007, 2008, 2009","1998","2009","KrisCarlyon","4","4","3360"
"1117","Black-footed Albatross","Phoebastria nigripes","GPS","Black-footed Albatross Kure Atoll Chick Rearing 2012-2013","Procellariiformes","Diomedeidae","Hawaii","United States","Kure Atoll","23.05","-161.93","Adult","Post-guard","","Unknown","2012, 2013","2012","2013","mhester, dhyrenbach","198","18","65846"
"1118","Grey-headed Albatross","Thalassarche chrysostoma","GPS","Grey-headed Albatross from Macquarie Island, GPS, incubation 2015","Procellariiformes","Diomedeidae","Macquarie Island","Australia","Macquarie Island","-54.61","158.85","Adult","Incubation","","Unknown","2015","2015","2015","KrisCarlyon","5","5","9950"
"1129","Black-browed Albatross","Thalassarche melanophris","GLS","Black-browed albatross, Macquarie Island, GLS, 2005-2006","Procellariiformes","Diomedeidae","Macquarie Island","Australia","Macquarie Island","-54.61","158.85","Adult","Breeding, Non-breeding","","Female, Male","2005, 2006","2005","2006","KrisCarlyon","2","2","1052"
"1103","Atlantic Yellow-nosed Albatross","Thalassarche chlororhynchos","GPS","Atlantic yellow-nosed albatross, GPS, 20x inc forage trips, Gough 2013","Procellariiformes","Diomedeidae","Gough","Saint Helena, Ascension and Tristan da Cunha","Gough Island","-40.31","-9.91","Adult","Incubation","","Female, Male","2013","2013","2013","BenDilley, pryan31@gmail.com","20","20","12439"
"1104","Atlantic Yellow-nosed Albatross","Thalassarche chlororhynchos","GPS","Atlantic yellow-nosed albatross, GPS, 19x inc forage trips,Gough 2014","Procellariiformes","Diomedeidae","Gough","Saint Helena, Ascension and Tristan da Cunha","Gough Island","-40.31","-9.91","Adult","Incubation","","Female, Male","2014","2014","2014","BenDilley, pryan31@gmail.com","19","19","9563"
"1105","Atlantic Yellow-nosed Albatross","Thalassarche chlororhynchos","GPS","Atlantic yellow-nosed albatross, GPS, 19x inc forage trips, Nightingale 2015","Procellariiformes","Diomedeidae","Tristan da Cunha","Saint Helena, Ascension and Tristan da Cunha","Nightingale","-37.43","-12.48","Adult","Incubation","","Female, Male","2015","2015","2015","BenDilley, TrevorGlass, pryan31@gmail.com","19","19","14568"
"1082","Grey-headed Albatross","Thalassarche chrysostoma","GPS","Grey-headed albatross from Campbell Island, GPS, incubation 2013","Procellariiformes","Diomedeidae","Campbell Islands","New Zealand","Campbell Island","-52.55","169.15","Adult","Incubation","","Unknown","2013","2013","2013","LeighTorres, DavidThompson","24","24","94718"
"964","Laysan Albatross","Phoebastria immutabilis","GPS","Laysan albatross, incubation and brood 2014, Guadalupe Island","Procellariiformes","Diomedeidae","Isla Guadalupe","Mexico","Isla Guadalupe","29.03","-118.28","Adult","Incubation, Brood-guard","","Female, Male","2014","2014","2014","carlocatoni","14","14","52087"
"965","Laysan Albatross","Phoebastria immutabilis","GPS","Laysan albatross, chick-rearing 2014, Guadalupe Island","Procellariiformes","Diomedeidae","Isla Guadalupe","Mexico","Isla Guadalupe","29.03","-118.28","Adult","Post-guard","","Female, Male, Unknown","2014","2014","2014","carlocatoni","10","10","62748"
"968","Tristan Albatross","Diomedea dabbenena","GPS","Juvenile Tristan Albatross GPS tracks","Procellariiformes","Diomedeidae","Gough","Saint Helena, Ascension and Tristan da Cunha","Gough Island","-40.31","-9.91","Juvenile","Non-breeding","","Unknown","2013, 2014, 2015","2013","2015","rwanless","5","5","3837"
"899","Black-browed Albatross","Thalassarche melanophris","GLS","Black-browed Albatross from Steeple Jason, Falkland Is, GLS, 2010-2011","Procellariiformes","Diomedeidae","Falkland Islands (Islas Malvinas)","Falkland Islands (Malvinas)","Steeple Jason","-51.03","-61.22","Adult","Chick-rearing, Breeding, Fail (breeding season), Winter","","Female, Male, Unknown","2010, 2011","2010","2011","ahedd@mun.ca, mont@mun.ca, FalklandsConservation, RichardPhillips","51","23","7627"
"901","Black-browed Albatross","Thalassarche melanophris","GPS","Black-browed Albatross, Steeple Jason Island, GPS, 2011-2012","Procellariiformes","Diomedeidae","Falkland Islands (Islas Malvinas)","Falkland Islands (Malvinas)","Steeple Jason","-51.03","-61.22","Adult","Incubation, Brood-guard","","Unknown","2011, 2012","2011","2012","paulo.catry@gmail.com, jpgranadeiro@fc.ul.pt","116","99","36210"
"833","Light-mantled Albatross","Phoebetria palpebrata","PTT","Light-mantled Albatross, Marion Island, PTT, non-breeding season","Procellariiformes","Diomedeidae","Prince Edward Islands","South Africa","Marion Island","-46.9","37.75","Adult","Non-breeding","","Unknown","2011","2011","2011","AzwianewiMakhado","2","2","1127"
"834","Indian Yellow-nosed Albatross","Thalassarche carteri","PTT","Indian Yellow-nosed Albatross, Prince Edward Island, PTT, non-breeding season","Procellariiformes","Diomedeidae","Prince Edward Islands","South Africa","Prince Edward Island","-46.63","37.95","Adult","Non-breeding","","Unknown","2008, 2009","2008","2009","AzwianewiMakhado","10","10","443"
"835","Sooty Albatross","Phoebetria fusca","PTT","Sooty Albatross, Marion Island, PTT, non-breeding season","Procellariiformes","Diomedeidae","Prince Edward Islands","South Africa","Prince Edward Island","-46.63","37.95","Adult","Non-breeding","","Unknown","2011","2011","2011","AzwianewiMakhado","2","2","502"
"700","Atlantic Yellow-nosed Albatross","Thalassarche chlororhynchos","PTT","Atlantic Yellow-nosed, Gough","Procellariiformes","Diomedeidae","Gough","Saint Helena, Ascension and Tristan da Cunha","Gough Island","-40.31","-9.91","Unknown","Incubation, Brood-guard","","Female, Male","2000, 2001","2000","2001","SteffenOppel, AntjeSteinfurth, HarryMarshall","7","7","462"
"666","White-capped Albatross","Thalassarche steadi","GLS","White Capped Albatross, Geolocators","Procellariiformes","Diomedeidae","Auckland Islands","New Zealand","Disappointment Island","-50.6","165.98","Unknown","Breeding, Non-breeding","","Unknown","2006, 2007, 2008, 2009, 2010","2006","2010","DavidThompson, psagar","79","25","20137"
"669","Northern Royal Albatross","Diomedea sanfordi","GPS","Northern Royal Albatross - Non Breeding GPS","Procellariiformes","Diomedeidae","New Zealand","New Zealand","Taiaroa Head","-45.76","170.71","Unknown","Non-breeding","","Unknown","2007, 2008","2007","2008","bindi@bindithomas.com","3","3","2569"
"685","Black-browed Albatross","Thalassarche melanophris","GLS","Black-browed Albatross, New Island","Procellariiformes","Diomedeidae","Falkland Islands (Islas Malvinas)","Falkland Islands (Malvinas)","New Island","-51.71","-61.3","Adult","Incubation, Non-breeding","","Unknown","1996, 1997","1996","1997","david.gremillet@cefe.cnrs.fr","33","33","1756"
"636","Buller's Albatross","Thalassarche bulleri","GLS","Buller's Albatross, The Snares, GLS","Procellariiformes","Diomedeidae","The Snares","New Zealand","North-East Island","-48.01","166.6","Unknown","Breeding, Non-breeding","","Female, Male","2008, 2009, 2010","2008","2010","DavidThompson, psagar","102","30","18188"
"640","White-capped Albatross","Thalassarche steadi","PTT","White-capped Albatross, Disappointment Island","Procellariiformes","Diomedeidae","Auckland Islands","New Zealand","Disappointment Island","-50.6","165.98","Unknown","Incubation, Brood-guard, Post-guard, Non-breeding","","Unknown","2008, 2009","2008","2009","DavidThompson","91","1","11792"
"643","Chatham Albatross","Thalassarche eremita","GPS","Chatham Albatross - Breeding 2008","Procellariiformes","Diomedeidae","Chatham Island","New Zealand","The Pyramid","-44.43","-176.23","Adult","Breeding","","Unknown","2006, 2008","2006","2008","LornaDeppe, DavidThompson, pscofield@canterburymuseum.com","20","20","25170"
"644","Buller's Albatross","Thalassarche bulleri","GPS","Bullers Albatross - Breeding 2008","Procellariiformes","Diomedeidae","Chatham Island","New Zealand","The Pyramid","-44.43","-176.23","Adult","Incubation","","Unknown","2008","2008","2008","LornaDeppe, LeighTorres, pscofield@canterburymuseum.com","2","2","1897"
"648","Northern Royal Albatross","Diomedea sanfordi","GLS","Northern Royal Albatross - Non Breeding 2008","Procellariiformes","Diomedeidae","Chatham Island","New Zealand","The Forty-fours","-43.8","-175.83","Adult","Non-breeding","","Unknown","2008","2008","2008","LornaDeppe, LeighTorres, pscofield@canterburymuseum.com","5","5","2146"
"649","Light-mantled Albatross","Phoebetria palpebrata","PTT","Light-mantled Albatross, Marion, 2001","Procellariiformes","Diomedeidae","Prince Edward Islands","South Africa","Marion Island","-46.9","37.75","Unknown","Breeding","","Unknown","2002","2002","2002","AzwianewiMakhado","1","1","277"
"650","Light-mantled Albatross","Phoebetria palpebrata","PTT","Light-mantled Albatross, Marion, 2008-09","Procellariiformes","Diomedeidae","Prince Edward Islands","South Africa","Marion Island","-46.9","37.75","Adult","Breeding, Non-breeding","","Female, Male, Unknown","2008, 2009","2008","2009","AzwianewiMakhado","7","7","4697"
"651","Sooty Albatross","Phoebetria fusca","PTT","Sooty Albatross, Marion, 2008-09","Procellariiformes","Diomedeidae","Prince Edward Islands","South Africa","Marion Island","-46.9","37.75","Unknown","Breeding, Non-breeding","","Unknown","2008, 2009","2008","2009","AzwianewiMakhado","10","10","4039"
"652","Indian Yellow-nosed Albatross","Thalassarche carteri","PTT","Indian Yellow-nosed Albatross, Marion, 2011","Procellariiformes","Diomedeidae","Prince Edward Islands","South Africa","Prince Edward Island","-46.63","37.95","Unknown","Post-guard","","Unknown","2011","2011","2011","AzwianewiMakhado","8","8","533"
"657","Chatham Albatross","Thalassarche eremita","GLS","Chatham Albatross - NonBreeding 2008","Procellariiformes","Diomedeidae","Chatham Island","New Zealand","The Pyramid","-44.43","-176.23","Adult","Non-breeding","","Unknown","2008","2008","2008","LornaDeppe, DavidThompson, pscofield@canterburymuseum.com","15","15","3580"
"661","Light-mantled Albatross","Phoebetria palpebrata","PTT","Light_Mantled_Heard","Procellariiformes","Diomedeidae","Heard and McDonald Islands","Australia","Heard Island","-53.2","73.53","Adult","Breeding","","Unknown","2003, 2004","2003","2004","grobertson","6","5","3950"
"602","Black-browed Albatross","Thalassarche melanophris","GPS","New Island Black-brows 2009","Procellariiformes","Diomedeidae","Falkland Islands (Islas Malvinas)","Falkland Islands (Malvinas)","New Island","-51.71","-61.3","Adult","Incubation, Brood-guard","","Female, Male, Unknown","2009, 2010","2009","2010","jpgranadeiro@fc.ul.pt, paulo.catry@gmail.com","91","55","29019"
"603","Black-browed Albatross","Thalassarche melanophris","GPS","New Island Black-brows 2010","Procellariiformes","Diomedeidae","Falkland Islands (Islas Malvinas)","Falkland Islands (Malvinas)","New Island","-51.71","-61.3","Adult","Brood-guard","","Female, Male, Unknown","2010","2010","2010","jpgranadeiro@fc.ul.pt, paulo.catry@gmail.com","159","86","32031"
"604","Black-browed Albatross","Thalassarche melanophris","GPS","Steeple Jason Black-brows 2009","Procellariiformes","Diomedeidae","Falkland Islands (Islas Malvinas)","Falkland Islands (Malvinas)","Steeple Jason","-51.03","-61.22","Adult","Brood-guard","","Unknown","2009","2009","2009","jpgranadeiro@fc.ul.pt, paulo.catry@gmail.com","36","36","7842"
"606","Sooty Albatross","Phoebetria fusca","PTT","Sooty Albatross Ile Amsterdam 09-10","Procellariiformes","Diomedeidae","Amsterdam and St Paul","France","Ile Amsterdam","-37.85","77.51","Juvenile","Non-breeding","","Unknown","2009, 2010, 2011","2009","2011","hweimerskirch","5","1","2684"
"615","Black-browed Albatross","Thalassarche melanophris","PTT","Black-browed Albatross, Heard Island, AAD","Procellariiformes","Diomedeidae","Heard and McDonald Islands","Australia","Heard Island","-53.2","73.53","Adult","Breeding","","Unknown","2003, 2004","2003","2004","grobertson","10","9","4696"
"618","Buller's Albatross","Thalassarche bulleri","GPS","Buller's Albatross, The Snares, GPS, 2008","Procellariiformes","Diomedeidae","The Snares","New Zealand","North-East Island","-48.01","166.6","Adult","Brood-guard","","Female, Male","2008","2008","2008","DavidThompson","11","11","11997"
"619","Buller's Albatross","Thalassarche bulleri","GPS","Buller's Albatross, The Snares, GPS, 2009","Procellariiformes","Diomedeidae","The Snares","New Zealand","North-East Island","-48.01","166.6","Adult","Brood-guard","","Female, Male","2009","2009","2009","DavidThompson","23","23","23279"
"620","Buller's Albatross","Thalassarche bulleri","GPS","Buller's Albatross, The Snares, GPS, 2010","Procellariiformes","Diomedeidae","The Snares","New Zealand","North-East Island","-48.01","166.6","Adult","Brood-guard","","Female, Male","2010","2010","2010","DavidThompson","23","23","26319"
"621","Buller's Albatross","Thalassarche bulleri","GPS","Buller's Albatross, The Snares, GPS, 2011","Procellariiformes","Diomedeidae","The Snares","New Zealand","North-East Island","-48.01","166.6","Unknown","Brood-guard","","Unknown","2011","2011","2011","DavidThompson","19","19","30482"
"631","White-capped Albatross","Thalassarche steadi","PTT","White Capped Albatross, Auckland Island","Procellariiformes","Diomedeidae","Auckland Islands","New Zealand","Auckland Island","-50.68","166.08","Unknown","Brood-guard, Post-guard, Non-breeding","","Female, Male, Unknown","2006, 2007","2006","2007","DavidThompson","66","13","6785"
"632","Salvin's Albatross","Thalassarche salvini","GLS","Salvin Year-round","Procellariiformes","Diomedeidae","The Snares","New Zealand","Toru Islet","-48.05","166.51","Unknown","Breeding, Non-breeding","","Unknown","2008, 2009, 2010","2008","2010","DavidThompson","68","22","11655"
"523","Laysan Albatross","Phoebastria immutabilis","PTT","Laysan albatross from Tern Is 2005-06","Procellariiformes","Diomedeidae","Hawaii","United States","French Frigate Shoals","23.75","-166.16","Adult","Incubation, Brood-guard","","Unknown","2005, 2006","2005","2006","sshaffer, mkappes, MelindaConners","25","25","3583"
"524","Laysan Albatross","Phoebastria immutabilis","PTT","Laysan albatross from Guadalupe 2005-06","Procellariiformes","Diomedeidae","Isla Guadalupe","Mexico","Isla Guadalupe","29.03","-118.28","Adult","Incubation, Brood-guard","","Unknown","2006","2006","2006","BillHenry, DanCosta","40","40","2978"
"525","Black-footed Albatross","Phoebastria nigripes","PTT","Black-footed albatross from Tern Is 2006-08","Procellariiformes","Diomedeidae","Hawaii","United States","French Frigate Shoals","23.75","-166.16","Adult","Incubation, Brood-guard, Post-guard","","Unknown","2006, 2007, 2008","2006","2008","sshaffer, mkappes, MelindaConners","30","24","3257"
"526","Laysan Albatross","Phoebastria immutabilis","PTT","Laysan albatross from Tern Is 2006-08","Procellariiformes","Diomedeidae","Hawaii","United States","French Frigate Shoals","23.75","-166.16","Adult","Incubation, Brood-guard, Post-guard","","Unknown","2006, 2007, 2008","2006","2008","sshaffer, mkappes, MelindaConners","32","29","4916"
"527","Black-footed Albatross","Phoebastria nigripes","PTT","Black-footed albatross fledglings from Midway 2006","Procellariiformes","Diomedeidae","Hawaii","United States","Midway Atoll","28.25","-177.33","Fledgling","Non-breeding","","Female, Male, Unknown","2006","2006","2006","sshaffer, RachaelOrben","10","9","2874"
"528","Black-footed Albatross","Phoebastria nigripes","GLS","Black-footed albatross geolocators from Tern Is 2004-06","Procellariiformes","Diomedeidae","Hawaii","United States","French Frigate Shoals","23.75","-166.16","Adult","Migration","","Unknown","2005, 2006","2005","2006","sshaffer, mkappes, MelindaConners","24","24","7916"
"529","Laysan Albatross","Phoebastria immutabilis","GLS","Laysan albatross geolocators from Tern Is 2004-06","Procellariiformes","Diomedeidae","Hawaii","United States","French Frigate Shoals","23.75","-166.16","Adult","Migration","","Unknown","2004, 2005, 2006","2004","2006","sshaffer, mkappes, MelindaConners","28","28","9612"
"530","Black-footed Albatross","Phoebastria nigripes","PTT","Black-footed albatross non-breeders 1997-99","Procellariiformes","Diomedeidae","Non-breeding, site unknown","High Seas","Non-breeding, site unknown","","","Adult","Migration","","Female, Male","1997, 1998, 1999","1997","1999","dhyrenbach","8","6","541"
"531","Black-footed Albatross","Phoebastria nigripes","PTT","Black-footed albatross non-breeders 2004-05","Procellariiformes","Diomedeidae","Non-breeding, site unknown","High Seas","Non-breeding, site unknown","","","Adult, Immature","Migration, Non-breeding","","Female, Male","2004, 2005","2004","2005","mhester, dhyrenbach","18","1","14856"
"532","Buller's Albatross","Thalassarche bulleri","PTT","Buller's albatross from Solander 1997-02","Procellariiformes","Diomedeidae","Solander Islands","New Zealand","Great Solander Island","-46.58","166.9","Adult, Unknown","Incubation, Brood-guard, Post-guard, Migration, Non-breeding","","Female, Male","1997, 2002","1997","2002","jstahl, psagar","186","18","6007"
"533","Buller's Albatross","Thalassarche bulleri","PTT","Buller's albatross from Snares 1995-02","Procellariiformes","Diomedeidae","The Snares","New Zealand","North-East Island","-48.01","166.6","Adult, Juvenile/immature","Pre-egg, Incubation, Brood-guard, Post-guard, Migration, Non-breeding","","Female, Male","1995, 1996, 1997, 1999, 2000, 2001, 2002","1995","2002","jstahl, psagar","261","39","16391"
"556","Southern Royal Albatross","Diomedea epomophora","PTT","Waugh Royal Northern Albatross","Procellariiformes","Diomedeidae","Campbell Islands","New Zealand","Campbell Island","-52.55","169.15","Unknown","Incubation","","Unknown","1999","1999","1999","swaugh","10","1","2351"
"594","Black-browed Albatross","Thalassarche melanophris","GPS","Blackbrowed GPS from Steeple Jason","Procellariiformes","Diomedeidae","Falkland Islands (Islas Malvinas)","Falkland Islands (Malvinas)","Steeple Jason","-51.03","-61.22","Adult","Post-guard","","Unknown","2008","2008","2008","fquintana","2","2","1274"
"600","Black-browed Albatross","Thalassarche melanophris","GPS","New Island Black-brows 2008","Procellariiformes","Diomedeidae","Falkland Islands (Islas Malvinas)","Falkland Islands (Malvinas)","New Island","-51.71","-61.3","Adult","Brood-guard","","Female, Male","2008, 2009","2008","2009","jpgranadeiro@fc.ul.pt, paulo.catry@gmail.com","81","39","28798"
"512","Short-tailed Albatross","Phoebastria albatrus","PTT","Short-tailed albatross from Torishima 2002-07","Procellariiformes","Diomedeidae","Izu Shoto","Japan","Torishima","30.48","140.31","Adult, Juvenile/immature","Post-guard, Migration, Non-breeding","","Male, Unknown","2002, 2003, 2006, 2007","2002","2007","rsuryan","23","15","6978"
"513","Short-tailed Albatross","Phoebastria albatrus","PTT","Short-tailed albatross non-breeders 2003-06","Procellariiformes","Diomedeidae","Non-breeding, site unknown","High Seas","Non-breeding, site unknown","","","Adult, Juvenile/immature","Migration, Non-breeding","","Female, Male","2003, 2005, 2006","2003","2006","rsuryan","9","9","6590"
"514","Short-tailed Albatross","Phoebastria albatrus","PTT","Short-tailed albatross from Torishima 2002-08","Procellariiformes","Diomedeidae","Izu Shoto","Japan","Torishima","30.48","140.31","Adult, Juvenile/immature","Post-guard, Migration, Non-breeding","","Female, Male, Unknown","2002, 2003, 2006, 2007, 2008","2002","2008","rsuryan","29","17","9080"
"515","Black-footed Albatross","Phoebastria nigripes","PTT","Black-footed albatross non-breeders 2005-06","Procellariiformes","Diomedeidae","Non-breeding, site unknown","High Seas","Non-breeding, site unknown","","","Adult","Non-breeding","","Female, Male","2005","2005","2005","rsuryan, Greg_Balogh@fws.gov","7","7","3247"
"516","Laysan Albatross","Phoebastria immutabilis","PTT","Laysan albatross non-breeders 2005-06","Procellariiformes","Diomedeidae","Non-breeding, site unknown","High Seas","Non-breeding, site unknown","","","Unknown","Non-breeding","","Female, Male","2005, 2006","2005","2006","rsuryan, Greg_Balogh@fws.gov","18","18","10361"
"519","Black-footed Albatross","Phoebastria nigripes","PTT","Black-footed albatross from Tern Is 2002-05","Procellariiformes","Diomedeidae","Hawaii","United States","French Frigate Shoals","23.75","-166.16","Adult","Incubation, Brood-guard","","Unknown","2002, 2003, 2004, 2005","2002","2005","sshaffer, mkappes, MelindaConners","51","48","5845"
"520","Laysan Albatross","Phoebastria immutabilis","PTT","Laysan albatross from Tern Is 2002-05","Procellariiformes","Diomedeidae","Hawaii","United States","French Frigate Shoals","23.75","-166.16","Adult","Incubation, Brood-guard","","Unknown","2002, 2003, 2004, 2005","2002","2005","sshaffer, mkappes, MelindaConners","51","51","9127"
"521","Laysan Albatross","Phoebastria immutabilis","PTT","Laysan albatross from Guadalupe 2002-05","Procellariiformes","Diomedeidae","Isla Guadalupe","Mexico","Isla Guadalupe","29.03","-118.28","Adult","Incubation, Brood-guard, Post-guard","","Unknown","2003, 2005","2003","2005","BillHenry, DanCosta","60","51","5605"
"522","Black-footed Albatross","Phoebastria nigripes","PTT","Black-footed albatross from Tern Is 2005-06","Procellariiformes","Diomedeidae","Hawaii","United States","French Frigate Shoals","23.75","-166.16","Adult","Incubation, Brood-guard","","Unknown","2005, 2006","2005","2006","sshaffer, mkappes, MelindaConners","23","23","2575"
"483","Black-browed Albatross","Thalassarche melanophris","PTT","Black-browed albatross from Diego Ramirez 1999-02","Procellariiformes","Diomedeidae","Islas Diego Ramirez","Chile","Islas Diego Ramirez","-56.51","-68.73","Adult","Incubation, Brood-guard, Post-guard","","Unknown","1999, 2000, 2001, 2002","1999","2002","jarata","100","29","9456"
"484","Grey-headed Albatross","Thalassarche chrysostoma","PTT","Grey-headed albatross from Diego Ramirez 1999-02","Procellariiformes","Diomedeidae","Islas Diego Ramirez","Chile","Islas Diego Ramirez","-56.51","-68.73","Adult","Incubation, Brood-guard, Post-guard, Migration","","Unknown","1999, 2000, 2001, 2002","1999","2002","jarata","50","35","10566"
"485","Grey-headed Albatross","Thalassarche chrysostoma","PTT","Grey-headed albatross from Ildefonso 2001","Procellariiformes","Diomedeidae","Islas Ildefonso","Chile","Islas Ildefonso","-55.73","-69.43","Adult","Incubation","","Unknown","2001","2001","2001","grobertson","1","1","265"
"486","Grey-headed Albatross","Thalassarche chrysostoma","PTT","Grey-headed albatross from Diego Ramirez 1997","Procellariiformes","Diomedeidae","Islas Diego Ramirez","Chile","Islas Diego Ramirez","-56.51","-68.73","Adult","Incubation","","Unknown","1997","1997","1997","grobertson","17","1","2152"
"487","Black-browed Albatross","Thalassarche melanophris","GLS","Black-browed albatross geolocators from Diego Ramirez 2001","Procellariiformes","Diomedeidae","Islas Diego Ramirez","Chile","Islas Diego Ramirez","-56.51","-68.73","Adult","Migration, Unknown","","Male, Unknown","2001","2001","2001","RichardPhillips, jarata","15","5","1693"
"488","Black-browed Albatross","Thalassarche melanophris","PTT","Black-browed albatross from Beauchene 2000","Procellariiformes","Diomedeidae","Falkland Islands (Islas Malvinas)","Falkland Islands (Malvinas)","Beauchene Island","-52.9","-59.19","Adult","Incubation, Post-guard, Migration","","Unknown","2000","2000","2000","FalklandsConservation","60","8","4015"
"489","Black-browed Albatross","Thalassarche melanophris","PTT","Black-browed albatross from Saunders 1998-99","Procellariiformes","Diomedeidae","Falkland Islands (Islas Malvinas)","Falkland Islands (Malvinas)","Saunders Island","-51.34","-60.11","Adult","Incubation, Post-guard","","Female, Male","1998, 1999","1998","1999","FalklandsConservation","139","10","3293"
"490","Black-browed Albatross","Thalassarche melanophris","PTT","Black-browed albatross from Steeple Jason 2006-07","Procellariiformes","Diomedeidae","Falkland Islands (Islas Malvinas)","Falkland Islands (Malvinas)","Steeple Jason","-51.03","-61.22","Adult, Juvenile/immature","Incubation, Non-breeding","","Female, Male, Unknown","2006, 2007","2006","2007","FalklandsConservation","11","11","2268"
"491","Black-browed Albatross","Thalassarche melanophris","GLS","Black-browed albatross geolocators from Saunders 1999","Procellariiformes","Diomedeidae","Falkland Islands (Islas Malvinas)","Falkland Islands (Malvinas)","Saunders Island","-51.34","-60.11","Adult","Pre-egg, Incubation, Breeding, Migration","","Female, Male, Unknown","1999, 2000","1999","2000","FalklandsConservation, RichardPhillips","114","30","13291"
"492","Black-browed Albatross","Thalassarche melanophris","PTT","Black-browed albatross 1992-96","Procellariiformes","Diomedeidae","South Georgia (Islas Georgias del Sur)","South Georgia and the South Sandwich Islands","Bird Island (SGSSI (IGSISS))","-54","-38.03","Adult","Incubation, Post-guard, Migration","","Female, Male, Unknown","1992, 1993, 1994, 1996","1992","1996","RichardPhillips","84","23","2827"
"493","Black-browed Albatross","Thalassarche melanophris","GLS","Black-browed albatross geolocators 2002-03","Procellariiformes","Diomedeidae","South Georgia (Islas Georgias del Sur)","South Georgia and the South Sandwich Islands","Bird Island (SGSSI (IGSISS))","-54","-38.03","Adult","Pre-egg, Incubation, Breeding, Fail (breeding season), Sabbatical, Non-breeding","","Female, Male","2002, 2003","2002","2003","RichardPhillips","190","25","17856"
"494","Grey-headed Albatross","Thalassarche chrysostoma","PTT","Grey-headed albatross 1991-01","Procellariiformes","Diomedeidae","South Georgia (Islas Georgias del Sur)","South Georgia and the South Sandwich Islands","Bird Island (SGSSI (IGSISS))","-54","-38.03","Adult","Incubation, Brood-guard, Post-guard, Migration","","Female, Male, Unknown","1991, 1993, 1994, 1995, 1996, 2000, 2001","1991","2001","RichardPhillips","244","40","12424"
"495","Grey-headed Albatross","Thalassarche chrysostoma","GLS","Grey-headed albatross geolocators 1999","Procellariiformes","Diomedeidae","South Georgia (Islas Georgias del Sur)","South Georgia and the South Sandwich Islands","Bird Island (SGSSI (IGSISS))","-54","-38.03","Adult","Non-breeding, Unknown","","Female, Male","1999, 2000","1999","2000","RichardPhillips","55","22","17840"
"496","Grey-headed Albatross","Thalassarche chrysostoma","PTT","Grey-headed albatross from Macquarie 1999-01","Procellariiformes","Diomedeidae","Macquarie Island","Australia","Macquarie Island","-54.61","158.85","Adult","Incubation, Brood-guard","","Female, Male, Unknown","1999, 2000, 2001","1999","2001","rgales, KrisCarlyon","9","6","1663"
"463","Wandering Albatross","Diomedea exulans","GLS","Wandering albatross juvenile geolocators 2001-04","Procellariiformes","Diomedeidae","South Georgia (Islas Georgias del Sur)","South Georgia and the South Sandwich Islands","Bird Island (SGSSI (IGSISS))","-54","-38.03","Juvenile, Fledgling","Non-breeding","","Unknown","2001, 2002, 2003, 2004","2001","2004","RichardPhillips","27","1","10388"
"464","Wandering Albatross","Diomedea exulans","PTT","Wandering albatross non-breeders 1992-95","Procellariiformes","Diomedeidae","Non-breeding, site unknown","High Seas","Non-breeding, site unknown","","","Adult","Non-breeding","","Female, Male, Unknown","1992, 1993, 1995","1992","1995","dnicholls","7","7","1963"
"465","Wandering Albatross","Diomedea exulans","PTT","Wandering albatross from Marion 2007","Procellariiformes","Diomedeidae","Prince Edward Islands","South Africa","Marion Island","-46.9","37.75","Adult","Post-guard","","Unknown","2007","2007","2007","dnicholls, crobertson","3","1","1119"
"468","Antipodean Albatross","Diomedea antipodensis","PTT","Antipodean (Gibson's) albatross non-breeder 1994","Procellariiformes","Diomedeidae","Non-breeding, site unknown","High Seas","Non-breeding, site unknown","","","Adult","Non-breeding","","Female","1994","1994","1994","dnicholls","1","1","426"
"469","Antipodean Albatross","Diomedea antipodensis","PTT","Antipodean (Gibson's) albatross from Adams Is 1994-95","Procellariiformes","Diomedeidae","Auckland Islands","New Zealand","Adams Island","-50.88","166.05","Adult","Incubation, Non-breeding, Unknown","","Female, Male","1994, 1995","1994","1995","dnicholls","5","5","811"
"470","Antipodean Albatross","Diomedea antipodensis","PTT","Antipodean albatross from Antipodes 1996-97","Procellariiformes","Diomedeidae","Antipodes Islands","New Zealand","Antipodes Islands","-49.68","178.8","Adult","Migration, Non-breeding","","Female, Male","1996, 1997","1996","1997","dnicholls","3","3","639"
"471","Antipodean Albatross","Diomedea antipodensis","PTT","Antipodean (Gibson\'s) albatross from Adams Is 1999-03","Procellariiformes","Diomedeidae","Auckland Islands","New Zealand","Adams Island","-50.88","166.05","Adult","Pre-egg, Incubation, Brood-guard, Post-guard, Migration, Non-breeding","","Female, Male","1999, 2000, 2001, 2002, 2003","1999","2003","KathWalker","60","31","9320"
"472","Antipodean Albatross","Diomedea antipodensis","PTT","Antipodean albatross from Antipodes 1997-04","Procellariiformes","Diomedeidae","Antipodes Islands","New Zealand","Antipodes Islands","-49.68","178.8","Adult, Juvenile/immature","Pre-egg, Incubation, Brood-guard, Post-guard, Migration, Non-breeding","","Female, Male","1997, 1998, 1999, 2000, 2001, 2003, 2004","1997","2004","KathWalker","94","49","10987"
"473","Wandering Albatross","Diomedea exulans","PTT","Wandering albatross 1990-04","Procellariiformes","Diomedeidae","South Georgia (Islas Georgias del Sur)","South Georgia and the South Sandwich Islands","Bird Island (SGSSI (IGSISS))","-54","-38.03","Adult","Incubation, Brood-guard, Post-guard, Migration","","Female, Male, Unknown","1990, 1991, 1992, 1995, 1996, 1997, 1998, 1999, 2000, 2001, 2002","1990","2002","RichardPhillips","213","118","18369"
"474","Buller's Albatross","Thalassarche bulleri","GPS","Buller's albatross GPS from Snares 2005","Procellariiformes","Diomedeidae","The Snares","New Zealand","North-East Island","-48.01","166.6","Adult","Non-breeding","","Unknown","2005","2005","2005","swaugh","19","11","4298"
"475","Chatham Albatross","Thalassarche eremita","GPS","Chatham albatross GPS from the Pyramid 2006","Procellariiformes","Diomedeidae","Chatham Island","New Zealand","The Pyramid","-44.43","-176.23","Adult","Chick-rearing","","Unknown","2006, 2007","2006","2007","swaugh","3","2","7177"
"476","Northern Royal Albatross","Diomedea sanfordi","GPS","Northern royal albatross GPS from Taiaroa Head 2002-04","Procellariiformes","Diomedeidae","New Zealand","New Zealand","Taiaroa Head","-45.76","170.71","Adult","Incubation","","Unknown","2002, 2004, 2005","2002","2005","swaugh","50","50","8521"
"477","Chatham Albatross","Thalassarche eremita","PTT","Chatham albatross 1997-99","Procellariiformes","Diomedeidae","Chatham Island","New Zealand","The Pyramid","-44.43","-176.23","Adult, Juvenile/immature","Breeding, Migration, Non-breeding","","Female, Male","1997, 1998, 1999","1997","1999","crobertson, dnicholls","33","13","5495"
"478","Northern Royal Albatross","Diomedea sanfordi","PTT","Northern royal albatross from Chathams 1994-98","Procellariiformes","Diomedeidae","Chatham Island","New Zealand","The Little (Middle) Sister","-43.56","-176.81","Adult","Incubation, Breeding, Migration","","Female, Male","1994, 1995, 1996, 1997, 1998","1994","1998","crobertson, dnicholls","20","14","3246"
"479","Northern Royal Albatross","Diomedea sanfordi","PTT","Northern royal albatross from Taiaroa Head 1993-98","Procellariiformes","Diomedeidae","New Zealand","New Zealand","Taiaroa Head","-45.76","170.71","Adult, Juvenile/immature","Incubation, Breeding, Migration, Non-breeding","","Female, Male","1993, 1998","1993","1998","crobertson, dnicholls","9","6","1783"
"480","Black-browed Albatross","Thalassarche melanophris","PTT","Black-browed albatross from Diego de Almagro 2001","Procellariiformes","Diomedeidae","Diego de Almagro","Chile","Isla Diego de Almagro","-51.5","-75.25","Adult","Incubation","","Unknown","2001","2001","2001","grobertson","13","1","753"
"481","Black-browed Albatross","Thalassarche melanophris","PTT","Black-browed albatross from Diego Ramirez 1997","Procellariiformes","Diomedeidae","Islas Diego Ramirez","Chile","Islas Diego Ramirez","-56.51","-68.73","Adult","Incubation","","Unknown","1997","1997","1997","grobertson","25","1","1829"
"482","Black-browed Albatross","Thalassarche melanophris","PTT","Black-browed albatross from Ildefonso 2001","Procellariiformes","Diomedeidae","Islas Ildefonso","Chile","Islas Ildefonso","-55.73","-69.43","Adult","Incubation","","Unknown","2001","2001","2001","grobertson","26","1","2677"
"408","Black-browed Albatross","Thalassarche melanophris","PTT","Black-browed albatross fledglings from Macquarie 2006","Procellariiformes","Diomedeidae","Macquarie Island","Australia","Macquarie Island","-54.61","158.85","Fledgling","Non-breeding","","Unknown","2006","2006","2006","KrisCarlyon, rgales","2","2","1006"
"409","Grey-headed Albatross","Thalassarche chrysostoma","PTT","Grey-headed albatross fledglings from Macquarie 2006","Procellariiformes","Diomedeidae","Macquarie Island","Australia","Macquarie Island","-54.61","158.85","Fledgling","Non-breeding","","Unknown","2006","2006","2006","KrisCarlyon, rgales","1","1","363"
"412","Wandering Albatross","Diomedea exulans","PTT","Wandering albatross from Macquarie 2003-06","Procellariiformes","Diomedeidae","Macquarie Island","Australia","Macquarie Island","-54.61","158.85","Adult, Immature, Fledgling","Incubation, Non-breeding","","Female, Male, Unknown","2003, 2004, 2005, 2006","2003","2006","KrisCarlyon, rgales","8","8","6565"
"413","Light-mantled Albatross","Phoebetria palpebrata","PTT","Light-mantled albatross from Macquarie 1992","Procellariiformes","Diomedeidae","Macquarie Island","Australia","Macquarie Island","-54.61","158.85","Adult","Incubation","","Unknown","1992","1992","1992","hweimerskirch, grobertson","4","4","474"
"414","Shy Albatross","Thalassarche cauta","PTT","Shy albatross fledglings from Albatross Is 2004-05","Procellariiformes","Diomedeidae","Tasmania","Australia","Albatross Island (AU)","-40.38","144.65","Fledgling","Non-breeding","","Unknown","2004, 2005","2004","2005","KrisCarlyon, rgales","10","1","1574"
"415","Shy Albatross","Thalassarche cauta","PTT","Shy albatross fledglings from Mewstone 2004-06","Procellariiformes","Diomedeidae","Tasmania","Australia","The Mewstone","-43.73","146.36","Fledgling","Non-breeding","","Unknown","2004, 2005, 2006","2004","2006","KrisCarlyon, rgales","11","1","1125"
"416","Shy Albatross","Thalassarche cauta","PTT","Shy albatross fledglings from Pedra Branca 2004-05","Procellariiformes","Diomedeidae","Tasmania","Australia","Pedra Branca","-43.86","146.96","Fledgling","Non-breeding","","Unknown","2004, 2005","2004","2005","KrisCarlyon, rgales","5","1","583"
"418","Amsterdam Albatross","Diomedea amsterdamensis","PTT","Amsterdam albatross juveniles 2005","Procellariiformes","Diomedeidae","Amsterdam and St Paul","France","Ile Amsterdam","-37.85","77.51","Juvenile/immature","Non-breeding","","Unknown","2005","2005","2005","hweimerskirch","3","3","1933"
"419","Amsterdam Albatross","Diomedea amsterdamensis","PTT","Amsterdam albatross breeding adults 1996-2000","Procellariiformes","Diomedeidae","Amsterdam and St Paul","France","Ile Amsterdam","-37.85","77.51","Adult","Incubation","","Unknown","1996, 2000","1996","2000","hweimerskirch","15","1","1265"
"420","Sooty Albatross","Phoebetria fusca","PTT","Sooty albatross from Gough 2006","Procellariiformes","Diomedeidae","Gough","Saint Helena, Ascension and Tristan da Cunha","Gough Island","-40.31","-9.91","Adult","Unknown","","Unknown","2006, 2007","2006","2007","SteffenOppel, AntjeSteinfurth, HarryMarshall","6","6","4283"
"421","Atlantic Yellow-nosed Albatross","Thalassarche chlororhynchos","GLS","Atlantic yellow-nosed albatross geolocators from Gough 2004","Procellariiformes","Diomedeidae","Gough","Saint Helena, Ascension and Tristan da Cunha","Gough Island","-40.31","-9.91","Adult","Pre-egg, Incubation, Brood-guard, Post-guard, Fail (breeding season), Migration, Sabbatical","","Female, Male","2004, 2005, 2006","2004","2006","richard_cuthbert@yahoo.co.uk","113","38","20750"
"422","Tristan Albatross","Diomedea dabbenena","PTT","Tristan albatross from Gough 2001","Procellariiformes","Diomedeidae","Gough","Saint Helena, Ascension and Tristan da Cunha","Gough Island","-40.31","-9.91","Adult","Incubation, Brood-guard, Post-guard","","Female, Male","2001","2001","2001","SteffenOppel, AntjeSteinfurth, HarryMarshall","128","38","3131"
"423","Tristan Albatross","Diomedea dabbenena","GLS","Tristan albatross geolocators from Gough 2004","Procellariiformes","Diomedeidae","Gough","Saint Helena, Ascension and Tristan da Cunha","Gough Island","-40.31","-9.91","Adult","Incubation, Post-guard, Fail (breeding season), Migration, Unknown","","Female, Male","2004, 2005, 2006","2004","2006","rwanless","34","14","11289"
"424","Sooty Albatross","Phoebetria fusca","GLS","Sooty albatross geolocators from Gough 2003-06","Procellariiformes","Diomedeidae","Gough","Saint Helena, Ascension and Tristan da Cunha","Gough Island","-40.31","-9.91","Adult","Incubation, Brood-guard, Post-guard, Fail (breeding season), Migration, Sabbatical, Non-breeding, Unknown","","Unknown","2003, 2004, 2005, 2006","2003","2006","rwanless","56","10","12094"
"425","Sooty Albatross","Phoebetria fusca","PTT","Sooty albatross from Crozet 1992-95","Procellariiformes","Diomedeidae","Crozet","France","Iles Crozet","-46.42","51.74","Adult","Breeding","","Unknown","1992, 1993, 1994, 1995","1992","1995","hweimerskirch","26","1","1945"
"426","Black-browed Albatross","Thalassarche melanophris","PTT","Black-browed albatross from Kerguelen 1994-99","Procellariiformes","Diomedeidae","Kerguelen","France","Jeanne d'Arc Peninsula","-49.68","70","Adult","Incubation, Post-guard","","Unknown","1994, 1995, 1999","1994","1999","hweimerskirch","26","9","2258"
"427","Buller's Albatross","Thalassarche bulleri","PTT","Buller's albatross from the Snares 1995","Procellariiformes","Diomedeidae","The Snares","New Zealand","Snares Islands","-48.02","166.6","Adult","Incubation","","Unknown","1995","1995","1995","hweimerskirch","5","5","390"
"429","Campbell Albatross","Thalassarche impavida","PTT","Campbell albatross 1997","Procellariiformes","Diomedeidae","Campbell Islands","New Zealand","Campbell Island","-52.55","169.15","Adult","Chick-rearing","","Unknown","1997","1997","1997","hweimerskirch","10","10","1114"
"430","Grey-headed Albatross","Thalassarche chrysostoma","PTT","Grey-headed albatross from Campbell 1997","Procellariiformes","Diomedeidae","Campbell Islands","New Zealand","Campbell Island","-52.55","169.15","Adult","Post-guard","","Unknown","1997","1997","1997","hweimerskirch","5","5","370"
"431","Southern Royal Albatross","Diomedea epomophora","PTT","Southern royal albatross from Campbell 1999","Procellariiformes","Diomedeidae","Campbell Islands","New Zealand","Campbell Island","-52.55","169.15","Adult","Incubation","","Unknown","1999","1999","1999","hweimerskirch","7","7","1565"
"432","Indian Yellow-nosed Albatross","Thalassarche carteri","PTT","Indian yellow-nosed albatross from Amsterdam 2006","Procellariiformes","Diomedeidae","Amsterdam and St Paul","France","Falaise d'Entrecasteaux","-37.84","77.53","Adult","Incubation, Brood-guard, Migration","","Female, Male","2006","2006","2006","hweimerskirch","29","27","2861"
"433","Indian Yellow-nosed Albatross","Thalassarche carteri","PTT","Indian yellow-nosed albatross from Amsterdam 1995-2001","Procellariiformes","Diomedeidae","Amsterdam and St Paul","France","Falaise d'Entrecasteaux","-37.84","77.53","Adult","Incubation, Breeding","","Unknown","1995, 1996, 2000, 2001","1995","2001","hweimerskirch","34","1","3778"
"435","Wandering Albatross","Diomedea exulans","PTT","Wandering albatross from Kerguelen 1998-99","Procellariiformes","Diomedeidae","Kerguelen","France","Iles Kerguelen","-49.36","69.57","Adult","Brood-guard, Post-guard","","Unknown","1998, 1999","1998","1999","hweimerskirch","11","1","554"
"436","Wandering Albatross","Diomedea exulans","PTT","Wandering albatross juveniles from Crozet 2001-02","Procellariiformes","Diomedeidae","Crozet","France","Ile de la Possession","-46.4","51.75","Juvenile/immature","Non-breeding","","Female, Male","2001, 2002, 2003","2001","2003","hweimerskirch","13","13","4832"
"437","Wandering Albatross","Diomedea exulans","PTT","Wandering albatross breeding adults from Crozet 1989-01","Procellariiformes","Diomedeidae","Crozet","France","Iles Crozet","-46.42","51.74","Adult","Incubation, Brood-guard, Post-guard","","Unknown","1989, 1990, 1991, 1992, 1994, 1998, 1999, 2000, 2001","1989","2001","hweimerskirch","202","1","17096"
"440","Shy Albatross","Thalassarche cauta","PTT","Shy albatross from Albatross Is 1993-97","Procellariiformes","Diomedeidae","Tasmania","Australia","Albatross Island (AU)","-40.38","144.65","Adult, Juvenile/immature","Incubation, Brood-guard, Post-guard, Non-breeding","","Unknown","1993, 1994, 1995, 1996, 1997","1993","1997","rgales","60","6","4689"
"441","Shy Albatross","Thalassarche cauta","PTT","Shy albatross from Mewstone 1997-02","Procellariiformes","Diomedeidae","Tasmania","Australia","The Mewstone","-43.73","146.36","Adult","Incubation, Migration","","Unknown","1997, 1998, 2002","1997","2002","rgales","5","5","950"
"442","Shy Albatross","Thalassarche cauta","PTT","Shy albatross from Pedra Branca 1997-02","Procellariiformes","Diomedeidae","Tasmania","Australia","Pedra Branca","-43.86","146.96","Adult","Incubation, Migration","","Unknown","1997, 2002","1997","2002","rgales","6","6","920"
"443","Light-mantled Albatross","Phoebetria palpebrata","PTT","Light-mantled albatross from Macquarie 2002-03","Procellariiformes","Diomedeidae","Macquarie Island","Australia","Macquarie Island","-54.61","158.85","Adult","Incubation, Brood-guard","","Unknown","2002, 2003","2002","2003","rgales, KrisCarlyon","10","7","3470"
"444","Light-mantled Albatross","Phoebetria palpebrata","PTT","Light-mantled albatross, Bird Island, 2003","Procellariiformes","Diomedeidae","South Georgia (Islas Georgias del Sur)","South Georgia and the South Sandwich Islands","Bird Island (SGSSI (IGSISS))","-54","-38.03","Adult","Post-guard","","Unknown","2003","2003","2003","RichardPhillips","42","4","5268"
"445","Black-browed Albatross","Thalassarche melanophris","PTT","Black-browed albatross from Macquarie 1999-01","Procellariiformes","Diomedeidae","Macquarie Island","Australia","Macquarie Island","-54.61","158.85","Adult","Incubation, Brood-guard","","Female, Male","1999, 2000, 2001","1999","2001","rgales, KrisCarlyon","7","6","1933"
"446","Black-browed Albatross","Thalassarche melanophris","PTT","Black-browed albatross non-breeders 2005-06","Procellariiformes","Diomedeidae","Non-breeding, site unknown","High Seas","Non-breeding, site unknown","","","Adult, Juvenile/immature","Non-breeding","","Unknown","2005, 2006","2005","2006","spetersen","8","1","4532"
"447","White-capped Albatross","Thalassarche steadi","PTT","White-capped albatross non-breeders 2005-06","Procellariiformes","Diomedeidae","Non-breeding, site unknown","High Seas","Non-breeding, site unknown","","","Immature, Juvenile/immature","Non-breeding","","Unknown","2005, 2006","2005","2006","spetersen","5","1","2454"
"449","Waved Albatross","Phoebastria irrorata","GPS","Waved albatross GPS 2003","Procellariiformes","Diomedeidae","Galapagos","Ecuador","Isla Espanola","-1.37","-89.67","Adult","Brood-guard","","Unknown","2003","2003","2003","danderson, jawkerman","21","1","3991"
"450","Waved Albatross","Phoebastria irrorata","PTT","Waved albatross 1995-01","Procellariiformes","Diomedeidae","Galapagos","Ecuador","Isla Espanola","-1.37","-89.67","Adult","Incubation, Brood-guard, Breeding","","Female, Male, Unknown","1995, 1996, 2000, 2001","1995","2001","danderson","43","33","1072"
"452","Black-footed Albatross","Phoebastria nigripes","PTT","Black-footed albatross from Tern Is 1998-99","Procellariiformes","Diomedeidae","Hawaii","United States","French Frigate Shoals","23.75","-166.16","Adult","Brood-guard, Post-guard, Breeding, Migration","","Female, Male, Unknown","1998, 1999","1998","1999","danderson","26","16","3330"
"453","Laysan Albatross","Phoebastria immutabilis","PTT","Laysan albatross from Tern Is 1998-99","Procellariiformes","Diomedeidae","Hawaii","United States","French Frigate Shoals","23.75","-166.16","Adult","Brood-guard, Post-guard, Migration","","Female, Male, Unknown","1998, 1999","1998","1999","danderson","38","15","4649"
"454","Grey-headed Albatross","Thalassarche chrysostoma","PTT","Grey-headed albatross from Marion 1997-98","Procellariiformes","Diomedeidae","Prince Edward Islands","South Africa","Marion Island","-46.9","37.75","Adult","Incubation, Breeding","","Female, Male","1997, 1998","1997","1998","dnel, pryan31@gmail.com","6","6","663"
"455","Wandering Albatross","Diomedea exulans","PTT","Wandering albatross from Marion 1997-98","Procellariiformes","Diomedeidae","Prince Edward Islands","South Africa","Marion Island","-46.9","37.75","Adult","Incubation, Brood-guard, Post-guard, Migration","","Female, Male","1997, 1998","1997","1998","dnel","22","19","2901"
"457","Black-browed Albatross","Thalassarche melanophris","PTT","Black-browed albatross, Bird Island, 2001-02","Procellariiformes","Diomedeidae","South Georgia (Islas Georgias del Sur)","South Georgia and the South Sandwich Islands","Bird Island (SGSSI (IGSISS))","-54","-38.03","Adult","Incubation, Brood-guard, Post-guard, Migration","","Female, Male","2001, 2002","2001","2002","RichardPhillips","282","53","14254"
"459","Grey-headed Albatross","Thalassarche chrysostoma","PTT","Grey-headed albatross, Bird Island, 2002-03","Procellariiformes","Diomedeidae","South Georgia (Islas Georgias del Sur)","South Georgia and the South Sandwich Islands","Bird Island (SGSSI (IGSISS))","-54","-38.03","Adult","Incubation, Brood-guard, Post-guard, Migration","","Female, Male, Unknown","2002, 2003","2002","2003","RichardPhillips","58","46","13458"
"460","Wandering Albatross","Diomedea exulans","GPS","Wandering albatross, Bird Island, GPS 2004","Procellariiformes","Diomedeidae","South Georgia (Islas Georgias del Sur)","South Georgia and the South Sandwich Islands","Bird Island (SGSSI (IGSISS))","-54","-38.03","Adult","Incubation, Brood-guard, Post-guard","","Female, Male","2004","2004","2004","RichardPhillips","66","52","7993"
"461","Wandering Albatross","Diomedea exulans","PTT","Wandering albatross breeding adults, Bird Island, 2002-04","Procellariiformes","Diomedeidae","South Georgia (Islas Georgias del Sur)","South Georgia and the South Sandwich Islands","Bird Island (SGSSI (IGSISS))","-54","-38.03","Adult","Incubation, Post-guard","","Female, Male","2002, 2004","2002","2004","RichardPhillips","12","8","1651"
"462","Wandering Albatross","Diomedea exulans","GLS","Wandering albatross geolocators 2003-06","Procellariiformes","Diomedeidae","South Georgia (Islas Georgias del Sur)","South Georgia and the South Sandwich Islands","Bird Island (SGSSI (IGSISS))","-54","-38.03","Adult, Immature","Incubation, Brood-guard, Post-guard, Fail (breeding season), Migration, Sabbatical, Non-breeding","","Female, Male","2003, 2004, 2005, 2006, 2007","2003","2007","RichardPhillips","147","38","54559"